<?xml version="1.0" encoding="UTF-8"?>
<Frame name="frame_00_R270.jpg" height="1190" width="1684" lefttop_y="0" lefttop_x="0" rotation="R0" source="frame_00_R270.jpg">
    <Page name="Default" rotation="R0" ctr="(0, 0)(1684, 0)(1684, 1190)(0, 1190)" bbox="0 0 1684 1190"/>
    <Page name="b0080101" rotation="R0" ctr="(96, 259)(57, 554)(65, 573)(65, 597)(57, 618)(43, 644)(41, 648)(36, 1028)(37, 1034)(41, 1031)(62, 1035)(83, 1035)(111, 1044)(133, 1066)(144, 1093)(151, 1122)(142, 1163)(1617, 1164)(1612, 1091)(1580, 1042)(1620, 937)(1634, 910)(1634, 293)(1240, 257)" bbox="36 257 1598 907">
        <ACCOUNT_ID lefttop_x="469" lefttop_y="334" height="40" width="261" font="" value="xxxxxxxxxxxx" labelName="Label_0"/>
        <DATE lefttop_x="155" lefttop_y="333" height="33" width="143" font="" value="1070426" labelName="Label_1"/>
        <DATE lefttop_x="87" lefttop_y="811" height="41" width="164" font="" value="1070605" labelName="Label_10"/>
        <DATE lefttop_x="79" lefttop_y="868" height="44" width="164" font="" value="1070609" labelName="Label_11"/>
        <DATE lefttop_x="71" lefttop_y="926" height="44" width="170" font="" value="1070618" labelName="Label_12"/>
        <DATE lefttop_x="71" lefttop_y="985" height="44" width="165" font="" value="1070621" labelName="Label_13"/>
        <ATM_ID lefttop_x="340" lefttop_y="331" height="34" width="126" font="" value="310018" labelName="Label_14"/>
        <ATM_ID lefttop_x="335" lefttop_y="381" height="34" width="130" font="" value="310424" labelName="Label_15"/>
        <ATM_ID lefttop_x="330" lefttop_y="432" height="35" width="133" font="" value="310018" labelName="Label_16"/>
        <ATM_ID lefttop_x="299" lefttop_y="483" height="37" width="136" font="" value="822988" labelName="Label_17"/>
        <ATM_ID lefttop_x="295" lefttop_y="535" height="35" width="138" font="" value="510628" labelName="Label_18"/>
        <ATM_ID lefttop_x="314" lefttop_y="588" height="37" width="138" font="" value="" labelName="Label_19"/>
        <DATE lefttop_x="146" lefttop_y="382" height="33" width="147" font="" value="1070504" labelName="Label_2"/>
        <ATM_ID lefttop_x="308" lefttop_y="641" height="40" width="141" font="" value="822388" labelName="Label_20"/>
        <ATM_ID lefttop_x="304" lefttop_y="695" height="43" width="140" font="" value="310018" labelName="Label_21"/>
        <ATM_ID lefttop_x="292" lefttop_y="757" height="42" width="147" font="" value="31042#" labelName="Label_22"/>
        <ATM_ID lefttop_x="296" lefttop_y="813" height="43" width="146" font="" value="822988" labelName="Label_23"/>
        <ATM_ID lefttop_x="286" lefttop_y="873" height="40" width="146" font="" value="323058" labelName="Label_24"/>
        <ATM_ID lefttop_x="285" lefttop_y="934" height="35" width="148" font="" value="B82798&amp;" labelName="Label_25"/>
        <ATM_ID lefttop_x="286" lefttop_y="989" height="37" width="149" font="" value="06513#" labelName="Label_26"/>
        <WITHDRAWAL lefttop_x="751" lefttop_y="340" height="36" width="47" font="" value="01" labelName="Label_27"/>
        <MEMO lefttop_x="469" lefttop_y="380" height="45" width="130" font="" value="轉帳存" labelName="Label_28"/>
        <MEMO lefttop_x="466" lefttop_y="433" height="42" width="107" font="" value="ATM領" labelName="Label_29"/>
        <DATE lefttop_x="142" lefttop_y="433" height="37" width="151" font="" value="1070505" labelName="Label_3"/>
        <MEMO lefttop_x="438" lefttop_y="484" height="42" width="115" font="" value="ATM領" labelName="Label_30"/>
        <MEMO lefttop_x="436" lefttop_y="536" height="42" width="109" font="" value="ATM領" labelName="Label_31"/>
        <MEMO lefttop_x="455" lefttop_y="592" height="42" width="112" font="" value="ATM領" labelName="Label_32"/>
        <MEMO lefttop_x="452" lefttop_y="644" height="43" width="115" font="" value="ATM領" labelName="Label_33"/>
        <MEMO lefttop_x="448" lefttop_y="701" height="43" width="114" font="" value="ATM領" labelName="Label_34"/>
        <MEMO lefttop_x="442" lefttop_y="758" height="47" width="139" font="" value="轉帳存" labelName="Label_35"/>
        <MEMO lefttop_x="444" lefttop_y="818" height="43" width="120" font="" value="ATM領" labelName="Label_36"/>
        <MEMO lefttop_x="436" lefttop_y="876" height="44" width="118" font="" value="ATM領" labelName="Label_37"/>
        <MEMO lefttop_x="435" lefttop_y="933" height="40" width="115" font="" value="ATM領" labelName="Label_38"/>
        <MEMO lefttop_x="438" lefttop_y="986" height="43" width="135" font="" value="存款息" labelName="Label_39"/>
        <DATE lefttop_x="108" lefttop_y="480" height="36" width="158" font="" value="1070506" labelName="Label_4"/>
        <WITHDRAWAL lefttop_x="623" lefttop_y="385" height="47" width="173" font="" value="RVEF R" labelName="Label_40"/>
        <WITHDRAWAL lefttop_x="600" lefttop_y="442" height="45" width="372" font="" value="********10,000.00" labelName="Label_41"/>
        <WITHDRAWAL lefttop_x="573" lefttop_y="493" height="44" width="373" font="" value="********10,000.00" labelName="Label_42"/>
        <WITHDRAWAL lefttop_x="572" lefttop_y="546" height="45" width="378" font="" value="*********6,000.00" labelName="Label_43"/>
        <WITHDRAWAL lefttop_x="591" lefttop_y="601" height="46" width="379" font="" value="*********5,000.00" labelName="Label_44"/>
        <WITHDRAWAL lefttop_x="590" lefttop_y="655" height="44" width="380" font="" value="*********5,000.00" labelName="Label_45"/>
        <WITHDRAWAL lefttop_x="587" lefttop_y="709" height="43" width="380" font="" value="*********5,000.00" labelName="Label_46"/>
        <WITHDRAWAL lefttop_x="601" lefttop_y="767" height="46" width="189" font="" value="AEF" labelName="Label_47"/>
        <WITHDRAWAL lefttop_x="585" lefttop_y="822" height="45" width="382" font="" value="*********5,000.00" labelName="Label_48"/>
        <WITHDRAWAL lefttop_x="581" lefttop_y="878" height="42" width="379" font="" value="********30,00.00" labelName="Label_49"/>
        <DATE lefttop_x="104" lefttop_y="533" height="35" width="150" font="" value="1070506" labelName="Label_5"/>
        <WITHDRAWAL lefttop_x="577" lefttop_y="933" height="39" width="382" font="" value="*********6,000.00" labelName="Label_50"/>
        <WITHDRAWAL lefttop_x="601" lefttop_y="985" height="40" width="229" font="" value="5 0|" labelName="Label_51"/>
        <DEPOSIT lefttop_x="930" lefttop_y="400" height="52" width="359" font="" value="********47,206.00" labelName="Label_52"/>
        <DEPOSIT lefttop_x="921" lefttop_y="775" height="45" width="358" font="" value="********45,654.00" labelName="Label_53"/>
        <DEPOSIT lefttop_x="910" lefttop_y="983" height="36" width="349" font="" value="************87.00" labelName="Label_54"/>
        <BALANCE_0 lefttop_x="1287" lefttop_y="370" height="47" width="322" font="" value="***********897.00" labelName="Label_55"/>
        <BALANCE lefttop_x="1290" lefttop_y="422" height="46" width="319" font="" value="********48,103.00" labelName="Label_56"/>
        <BALANCE lefttop_x="1289" lefttop_y="473" height="48" width="321" font="" value="********38,103.00" labelName="Label_57"/>
        <BALANCE lefttop_x="1266" lefttop_y="525" height="47" width="330" font="" value="********28,103.00" labelName="Label_58"/>
        <BALANCE lefttop_x="1267" lefttop_y="576" height="41" width="325" font="" value="********22,103.00" labelName="Label_59"/>
        <DATE lefttop_x="116" lefttop_y="584" height="40" width="154" font="" value="1070520" labelName="Label_6"/>
        <BALANCE lefttop_x="1284" lefttop_y="624" height="47" width="323" font="" value="********17,103.00" labelName="Label_60"/>
        <BALANCE lefttop_x="1285" lefttop_y="678" height="43" width="318" font="" value="********12,103.00" labelName="Label_61"/>
        <BALANCE lefttop_x="1283" lefttop_y="729" height="41" width="320" font="" value="*********7,103.00" labelName="Label_62"/>
        <BALANCE lefttop_x="1281" lefttop_y="784" height="39" width="314" font="" value="********52,757.00" labelName="Label_63"/>
        <BALANCE lefttop_x="1278" lefttop_y="832" height="39" width="316" font="" value="********47,757.00" labelName="Label_64"/>
        <BALANCE lefttop_x="1270" lefttop_y="882" height="39" width="314" font="" value="********17,757.00" labelName="Label_65"/>
        <BALANCE lefttop_x="1263" lefttop_y="929" height="37" width="313" font="" value="********11,757.00" labelName="Label_66"/>
        <BALANCE lefttop_x="1262" lefttop_y="978" height="36" width="307" font="" value="********11,844.00" labelName="Label_67"/>
        <BALANCE lefttop_x="1272" lefttop_y="1095" height="41" width="321" font="" value="*********5,844.00" labelName="Label_68"/>
        <EMPLOYEE lefttop_x="1000" lefttop_y="570" height="66" width="188" font="" value="YB0002785-I-008" labelName="Label_69"/>
        <DATE lefttop_x="108" lefttop_y="640" height="40" width="158" font="" value="1070524" labelName="Label_7"/>
        <DATE lefttop_x="99" lefttop_y="691" height="41" width="157" font="" value="1070531" labelName="Label_8"/>
        <DATE lefttop_x="88" lefttop_y="752" height="43" width="165" font="" value="1070605" labelName="Label_9"/>
    </Page>
</Frame>
