<?xml version="1.0" encoding="UTF-8"?>
<Frame name="frame_01_R270.jpg" height="1190" width="1684" lefttop_y="0" lefttop_x="0" rotation="R0" source="frame_01_R270.jpg">
    <Page name="Default" rotation="R0" ctr="(0, 0)(1684, 0)(1684, 1190)(0, 1190)" bbox="0 0 1684 1190"/>
    <Page name="b0080101" rotation="R0" ctr="(127, 246)(127, 291)(103, 351)(83, 387)(58, 429)(21, 478)(25, 1147)(1608, 1153)(1610, 788)(1589, 625)(1546, 489)(1514, 427)(1604, 251)" bbox="21 246 1589 907">
        <DATE lefttop_x="129" lefttop_y="333" height="41" width="154" font="" value="1070403" labelName="Label_0"/>
        <DATE lefttop_x="123" lefttop_y="380" height="40" width="155" font="" value="1070407" labelName="Label_1"/>
        <DATE lefttop_x="38" lefttop_y="858" height="46" width="176" font="" value="1070426" labelName="Label_10"/>
        <DATE lefttop_x="36" lefttop_y="917" height="45" width="175" font="" value="1070426" labelName="Label_11"/>
        <ATM_ID lefttop_x="326" lefttop_y="345" height="40" width="130" font="" value="310424" labelName="Label_12"/>
        <ATM_ID lefttop_x="318" lefttop_y="392" height="38" width="136" font="" value="8128848" labelName="Label_13"/>
        <ATM_ID lefttop_x="317" lefttop_y="435" height="40" width="134" font="" value="822988" labelName="Label_14"/>
        <ATM_ID lefttop_x="307" lefttop_y="485" height="38" width="141" font="" value="822398H" labelName="Label_15"/>
        <ATM_ID lefttop_x="297" lefttop_y="534" height="40" width="144" font="" value="310168" labelName="Label_16"/>
        <ATM_ID lefttop_x="266" lefttop_y="589" height="41" width="144" font="" value="310018" labelName="Label_17"/>
        <ATM_ID lefttop_x="286" lefttop_y="640" height="38" width="146" font="" value="822988" labelName="Label_18"/>
        <ATM_ID lefttop_x="282" lefttop_y="691" height="43" width="146" font="" value="822388&amp;" labelName="Label_19"/>
        <DATE lefttop_x="111" lefttop_y="427" height="41" width="159" font="" value="1070408" labelName="Label_2"/>
        <ATM_ID lefttop_x="274" lefttop_y="747" height="42" width="151" font="" value="310018" labelName="Label_20"/>
        <ATM_ID lefttop_x="271" lefttop_y="804" height="44" width="147" font="" value="310014" labelName="Label_21"/>
        <ATM_ID lefttop_x="258" lefttop_y="865" height="43" width="155" font="" value="310018" labelName="Label_22"/>
        <ATM_ID lefttop_x="258" lefttop_y="925" height="42" width="152" font="" value="310018" labelName="Label_23"/>
        <MEMO lefttop_x="460" lefttop_y="351" height="46" width="124" font="" value="轉帳存" labelName="Label_24"/>
        <MEMO lefttop_x="456" lefttop_y="400" height="39" width="109" font="" value="ATM領" labelName="Label_25"/>
        <MEMO lefttop_x="453" lefttop_y="446" height="42" width="108" font="" value="ATM轉" labelName="Label_26"/>
        <MEMO lefttop_x="448" lefttop_y="493" height="41" width="109" font="" value="ATM轉" labelName="Label_27"/>
        <MEMO lefttop_x="444" lefttop_y="543" height="38" width="113" font="" value="ATM存" labelName="Label_28"/>
        <MEMO lefttop_x="413" lefttop_y="592" height="43" width="115" font="" value="ATM領" labelName="Label_29"/>
        <DATE lefttop_x="101" lefttop_y="475" height="41" width="166" font="" value="1070409" labelName="Label_3"/>
        <MEMO lefttop_x="435" lefttop_y="644" height="42" width="114" font="" value="ATM領" labelName="Label_30"/>
        <MEMO lefttop_x="430" lefttop_y="695" height="46" width="122" font="" value="ATM領" labelName="Label_31"/>
        <MEMO lefttop_x="427" lefttop_y="754" height="40" width="117" font="" value="ATM轉" labelName="Label_32"/>
        <MEMO lefttop_x="421" lefttop_y="807" height="46" width="120" font="" value="ATM領" labelName="Label_33"/>
        <MEMO lefttop_x="416" lefttop_y="868" height="46" width="120" font="" value="ATM領" labelName="Label_34"/>
        <MEMO lefttop_x="413" lefttop_y="925" height="47" width="122" font="" value="ATM領" labelName="Label_35"/>
        <WITHDRAWAL lefttop_x="595" lefttop_y="252" height="54" width="356" font="" value="********10,000.00" labelName="Label_36"/>
        <WITHDRAWAL lefttop_x="608" lefttop_y="367" height="48" width="163" font="" value="A%" labelName="Label_37"/>
        <WITHDRAWAL lefttop_x="589" lefttop_y="415" height="51" width="351" font="" value="*********5,000.00" labelName="Label_38"/>
        <WITHDRAWAL lefttop_x="606" lefttop_y="457" height="44" width="207" font="" value="1501902809" labelName="Label_39"/>
        <DATE lefttop_x="94" lefttop_y="525" height="40" width="162" font="" value="1070409" labelName="Label_4"/>
        <WITHDRAWAL lefttop_x="606" lefttop_y="503" height="44" width="215" font="" value="3310151678" labelName="Label_40"/>
        <WITHDRAWAL lefttop_x="598" lefttop_y="551" height="41" width="137" font="" value="EBEw" labelName="Label_41"/>
        <WITHDRAWAL lefttop_x="551" lefttop_y="603" height="49" width="373" font="" value="********10,000.00" labelName="Label_42"/>
        <WITHDRAWAL lefttop_x="576" lefttop_y="655" height="47" width="372" font="" value="********20,000.00" labelName="Label_43"/>
        <WITHDRAWAL lefttop_x="573" lefttop_y="708" height="47" width="377" font="" value="********10,000.00" labelName="Label_44"/>
        <WITHDRAWAL lefttop_x="568" lefttop_y="759" height="45" width="382" font="" value="********30,000.00" labelName="Label_45"/>
        <WITHDRAWAL lefttop_x="567" lefttop_y="813" height="50" width="385" font="" value="********30,000.00" labelName="Label_46"/>
        <WITHDRAWAL lefttop_x="563" lefttop_y="871" height="47" width="387" font="" value="********30,000.00" labelName="Label_47"/>
        <WITHDRAWAL lefttop_x="561" lefttop_y="929" height="49" width="393" font="" value="********20,000.00" labelName="Label_48"/>
        <DEPOSIT lefttop_x="892" lefttop_y="395" height="50" width="322" font="" value="********37,510.00" labelName="Label_49"/>
        <DATE lefttop_x="55" lefttop_y="581" height="39" width="168" font="" value="1070412" labelName="Label_5"/>
        <DEPOSIT lefttop_x="898" lefttop_y="481" height="47" width="332" font="" value="********20,000.00" labelName="Label_50"/>
        <DEPOSIT lefttop_x="903" lefttop_y="526" height="47" width="335" font="" value="********30,000.00" labelName="Label_51"/>
        <DEPOSIT lefttop_x="905" lefttop_y="573" height="42" width="337" font="" value="********30,000.00" labelName="Label_52"/>
        <DEPOSIT lefttop_x="965" lefttop_y="770" height="44" width="213" font="" value="4540322450" labelName="Label_53"/>
        <BALANCE lefttop_x="1240" lefttop_y="269" height="63" width="294" font="" value="********48,387.00" labelName="Label_54"/>
        <BALANCE lefttop_x="1226" lefttop_y="315" height="58" width="290" font="" value="********38,387.00" labelName="Label_55"/>
        <BALANCE lefttop_x="1213" lefttop_y="425" height="50" width="291" font="" value="********75,897.00" labelName="Label_56"/>
        <BALANCE lefttop_x="1224" lefttop_y="461" height="46" width="290" font="" value="********70,897.00" labelName="Label_57"/>
        <BALANCE lefttop_x="1231" lefttop_y="499" height="50" width="303" font="" value="********90,897.00" labelName="Label_58"/>
        <BALANCE lefttop_x="1238" lefttop_y="547" height="42" width="300" font="" value="*******120,897.00" labelName="Label_59"/>
        <DATE lefttop_x="71" lefttop_y="631" height="39" width="171" font="" value="1070420" labelName="Label_6"/>
        <BALANCE lefttop_x="1243" lefttop_y="590" height="44" width="305" font="" value="*******150,897.00" labelName="Label_60"/>
        <BALANCE lefttop_x="1224" lefttop_y="639" height="43" width="314" font="" value="*******140,897.00" labelName="Label_61"/>
        <BALANCE lefttop_x="1250" lefttop_y="686" height="43" width="315" font="" value="*******120,897.00" labelName="Label_62"/>
        <BALANCE lefttop_x="1255" lefttop_y="736" height="40" width="316" font="" value="*******110,897.00" labelName="Label_63"/>
        <BALANCE lefttop_x="1258" lefttop_y="782" height="41" width="318" font="" value="********80,897.00" labelName="Label_64"/>
        <BALANCE lefttop_x="1261" lefttop_y="835" height="42" width="322" font="" value="********50,897.00" labelName="Label_65"/>
        <BALANCE lefttop_x="1264" lefttop_y="891" height="39" width="322" font="" value="********20,897.00" labelName="Label_66"/>
        <BALANCE lefttop_x="1268" lefttop_y="936" height="43" width="321" font="" value="***********897.00" labelName="Label_67"/>
        <EMPLOYEE lefttop_x="1050" lefttop_y="848" height="71" width="153" font="" value="YB0002785-I-008" labelName="Label_68"/>
        <DATE lefttop_x="67" lefttop_y="682" height="46" width="171" font="" value="1070420" labelName="Label_7"/>
        <DATE lefttop_x="56" lefttop_y="740" height="43" width="171" font="" value="1070426" labelName="Label_8"/>
        <DATE lefttop_x="51" lefttop_y="796" height="45" width="172" font="" value="1070426" labelName="Label_9"/>
    </Page>
</Frame>
