<?xml version="1.0" encoding="UTF-8"?>
<Frame name="frame_04_R270.jpg" height="1190" width="1684" lefttop_y="0" lefttop_x="0" rotation="R0" source="frame_04_R270.jpg">
    <Page name="Default" rotation="R0" ctr="(0, 0)(1684, 0)(1684, 1190)(0, 1190)" bbox="0 0 1684 1190"/>
    <Page name="b0080101" rotation="R0" ctr="(73, 253)(83, 323)(81, 355)(99, 381)(99, 424)(83, 458)(73, 486)(49, 508)(41, 530)(43, 558)(34, 829)(25, 1154)(1634, 1154)(1628, 243)(644, 242)(74, 236)" bbox="25 236 1609 918">
        <DATE lefttop_x="140" lefttop_y="252" height="37" width="159" font="" value="1061221" labelName="Label_0"/>
        <DATE lefttop_x="131" lefttop_y="392" height="34" width="156" font="" value="1061224" labelName="Label_1"/>
        <DATE lefttop_x="59" lefttop_y="868" height="44" width="167" font="" value="1070205" labelName="Label_10"/>
        <DATE lefttop_x="47" lefttop_y="929" height="45" width="176" font="" value="1070211" labelName="Label_11"/>
        <DATE lefttop_x="42" lefttop_y="986" height="49" width="167" font="" value="1070211" labelName="Label_12"/>
        <ATM_ID lefttop_x="335" lefttop_y="252" height="44" width="136" font="" value="UB5134" labelName="Label_13"/>
        <ATM_ID lefttop_x="326" lefttop_y="394" height="39" width="138" font="" value="013988" labelName="Label_14"/>
        <ATM_ID lefttop_x="325" lefttop_y="441" height="36" width="134" font="" value="013388" labelName="Label_15"/>
        <ATM_ID lefttop_x="317" lefttop_y="488" height="40" width="134" font="" value="310414" labelName="Label_16"/>
        <ATM_ID lefttop_x="310" lefttop_y="537" height="41" width="137" font="" value="113388" labelName="Label_17"/>
        <ATM_ID lefttop_x="303" lefttop_y="591" height="39" width="142" font="" value="827298&amp;" labelName="Label_18"/>
        <ATM_ID lefttop_x="295" lefttop_y="646" height="40" width="146" font="" value="313028" labelName="Label_19"/>
        <DATE lefttop_x="130" lefttop_y="440" height="37" width="155" font="" value="1061231" labelName="Label_2"/>
        <ATM_ID lefttop_x="287" lefttop_y="700" height="43" width="146" font="" value="31302&amp;" labelName="Label_20"/>
        <ATM_ID lefttop_x="278" lefttop_y="755" height="39" width="153" font="" value="310424" labelName="Label_21"/>
        <ATM_ID lefttop_x="281" lefttop_y="812" height="42" width="148" font="" value="822988" labelName="Label_22"/>
        <ATM_ID lefttop_x="268" lefttop_y="871" height="42" width="153" font="" value="310414" labelName="Label_23"/>
        <ATM_ID lefttop_x="268" lefttop_y="931" height="44" width="152" font="" value="827964" labelName="Label_24"/>
        <ATM_ID lefttop_x="260" lefttop_y="993" height="45" width="153" font="" value="822988" labelName="Label_25"/>
        <MEMO lefttop_x="472" lefttop_y="257" height="56" width="131" font="" value="存款息" labelName="Label_26"/>
        <MEMO lefttop_x="465" lefttop_y="400" height="40" width="106" font="" value="ATM領" labelName="Label_27"/>
        <MEMO lefttop_x="461" lefttop_y="444" height="39" width="113" font="" value="ATM領" labelName="Label_28"/>
        <MEMO lefttop_x="478" lefttop_y="490" height="45" width="130" font="" value="轉帳存" labelName="Label_29"/>
        <DATE lefttop_x="117" lefttop_y="488" height="36" width="155" font="" value="1070105" labelName="Label_3"/>
        <MEMO lefttop_x="450" lefttop_y="542" height="41" width="139" font="" value="ATM領" labelName="Label_30"/>
        <MEMO lefttop_x="447" lefttop_y="591" height="45" width="132" font="" value="ATM領" labelName="Label_31"/>
        <MEMO lefttop_x="442" lefttop_y="648" height="43" width="138" font="" value="ATM領" labelName="Label_32"/>
        <MEMO lefttop_x="437" lefttop_y="703" height="43" width="138" font="" value="ATM領" labelName="Label_33"/>
        <MEMO lefttop_x="434" lefttop_y="752" height="49" width="139" font="" value="轉帳存" labelName="Label_34"/>
        <MEMO lefttop_x="430" lefttop_y="813" height="44" width="125" font="" value="ATM領" labelName="Label_35"/>
        <MEMO lefttop_x="426" lefttop_y="871" height="48" width="139" font="" value="轉帳存" labelName="Label_36"/>
        <MEMO lefttop_x="421" lefttop_y="933" height="46" width="126" font="" value="ATM領" labelName="Label_37"/>
        <MEMO lefttop_x="415" lefttop_y="994" height="44" width="125" font="" value="ATM領" labelName="Label_38"/>
        <WITHDRAWAL lefttop_x="629" lefttop_y="272" height="56" width="219" font="" value="|" labelName="Label_39"/>
        <DATE lefttop_x="109" lefttop_y="540" height="39" width="155" font="" value="1070109" labelName="Label_4"/>
        <WITHDRAWAL lefttop_x="599" lefttop_y="408" height="48" width="364" font="" value="********10,000.00" labelName="Label_40"/>
        <WITHDRAWAL lefttop_x="602" lefttop_y="456" height="40" width="371" font="" value="*********5,000.00" labelName="Label_41"/>
        <WITHDRAWAL lefttop_x="681" lefttop_y="500" height="49" width="181" font="" value="APEH" labelName="Label_42"/>
        <WITHDRAWAL lefttop_x="633" lefttop_y="550" height="45" width="382" font="" value="*********3,000.00" labelName="Label_43"/>
        <WITHDRAWAL lefttop_x="629" lefttop_y="602" height="43" width="387" font="" value="*********5,000.00" labelName="Label_44"/>
        <WITHDRAWAL lefttop_x="630" lefttop_y="655" height="47" width="390" font="" value="*********5,000.00" labelName="Label_45"/>
        <WITHDRAWAL lefttop_x="625" lefttop_y="711" height="42" width="399" font="" value="*********1,000.00" labelName="Label_46"/>
        <WITHDRAWAL lefttop_x="599" lefttop_y="758" height="48" width="194" font="" value="RIEER B" labelName="Label_47"/>
        <WITHDRAWAL lefttop_x="576" lefttop_y="810" height="51" width="408" font="" value="*********5,000.00" labelName="Label_48"/>
        <WITHDRAWAL lefttop_x="593" lefttop_y="868" height="51" width="194" font="" value="AP" labelName="Label_49"/>
        <DATE lefttop_x="98" lefttop_y="587" height="42" width="159" font="" value="1070114" labelName="Label_5"/>
        <WITHDRAWAL lefttop_x="568" lefttop_y="929" height="53" width="422" font="" value="*********5,000.00" labelName="Label_50"/>
        <WITHDRAWAL lefttop_x="566" lefttop_y="992" height="51" width="417" font="" value="********20,000.00" labelName="Label_51"/>
        <DEPOSIT lefttop_x="927" lefttop_y="301" height="56" width="350" font="" value="************73.00" labelName="Label_52"/>
        <DEPOSIT lefttop_x="964" lefttop_y="512" height="46" width="367" font="" value="********48,646.00" labelName="Label_53"/>
        <DEPOSIT lefttop_x="930" lefttop_y="766" height="42" width="391" font="" value="********42,843.00" labelName="Label_54"/>
        <DEPOSIT lefttop_x="930" lefttop_y="879" height="42" width="401" font="" value="********42,147.00" labelName="Label_55"/>
        <BALANCE lefttop_x="1292" lefttop_y="275" height="61" width="320" font="" value="********55,783.00" labelName="Label_56"/>
        <BALANCE lefttop_x="1279" lefttop_y="328" height="53" width="316" font="" value="********55,856.00" labelName="Label_57"/>
        <BALANCE lefttop_x="1272" lefttop_y="447" height="43" width="325" font="" value="********45,856.00" labelName="Label_58"/>
        <BALANCE lefttop_x="1283" lefttop_y="486" height="42" width="326" font="" value="********40,856.00" labelName="Label_59"/>
        <DATE lefttop_x="91" lefttop_y="643" height="44" width="158" font="" value="1070120" labelName="Label_6"/>
        <BALANCE lefttop_x="1332" lefttop_y="532" height="40" width="280" font="" value="********89,502" labelName="Label_60"/>
        <BALANCE lefttop_x="1337" lefttop_y="577" height="41" width="278" font="" value="********86,502" labelName="Label_61"/>
        <BALANCE lefttop_x="1346" lefttop_y="623" height="40" width="270" font="" value="********81,50" labelName="Label_62"/>
        <BALANCE lefttop_x="1353" lefttop_y="672" height="34" width="264" font="" value="********76,50" labelName="Label_63"/>
        <BALANCE lefttop_x="1358" lefttop_y="724" height="40" width="257" font="" value="********75,5" labelName="Label_64"/>
        <BALANCE lefttop_x="1322" lefttop_y="773" height="40" width="294" font="" value="*******118,345" labelName="Label_65"/>
        <BALANCE lefttop_x="1330" lefttop_y="824" height="41" width="286" font="" value="*******113,34" labelName="Label_66"/>
        <BALANCE lefttop_x="1333" lefttop_y="885" height="42" width="283" font="" value="*******155,49" labelName="Label_67"/>
        <BALANCE lefttop_x="1335" lefttop_y="937" height="42" width="282" font="" value="*******150,49" labelName="Label_68"/>
        <BALANCE lefttop_x="1339" lefttop_y="993" height="46" width="278" font="" value="*******130,4" labelName="Label_69"/>
        <DATE lefttop_x="77" lefttop_y="699" height="44" width="168" font="" value="1070120" labelName="Label_7"/>
        <EMPLOYEE lefttop_x="1095" lefttop_y="975" height="57" width="219" font="" value="YB0002785-I-008" labelName="Label_70"/>
        <DATE lefttop_x="72" lefttop_y="753" height="40" width="166" font="" value="1070130" labelName="Label_8"/>
        <DATE lefttop_x="65" lefttop_y="808" height="43" width="172" font="" value="1070204" labelName="Label_9"/>
    </Page>
</Frame>
