<?xml version="1.0" encoding="UTF-8"?>
<Frame name="frame_02_R270.jpg" height="1190" width="1684" lefttop_y="0" lefttop_x="0" rotation="R0" source="frame_02_R270.jpg">
    <Page name="Default" rotation="R0" ctr="(0, 0)(1684, 0)(1684, 1190)(0, 1190)" bbox="0 0 1684 1190"/>
    <Page name="b0080101" rotation="R0" ctr="(67, 258)(50, 487)(61, 501)(71, 519)(72, 536)(69, 563)(65, 582)(58, 604)(40, 617)(40, 969)(61, 974)(86, 989)(101, 1015)(103, 1069)(90, 1095)(72, 1120)(40, 1145)(40, 1165)(1626, 1168)(1627, 1081)(1575, 1034)(1589, 959)(1603, 840)(1608, 739)(1605, 603)(1600, 472)(1595, 323)(1568, 287)(1214, 257)" bbox="40 257 1587 911">
        <ACCOUNT_ID lefttop_x="449" lefttop_y="346" height="41" width="265" font="" value="xxxxxxxxxxxx" labelName="Label_0"/>
        <DATE lefttop_x="128" lefttop_y="342" height="37" width="148" font="" value="1070211" labelName="Label_1"/>
        <DATE lefttop_x="88" lefttop_y="819" height="40" width="158" font="" value="1070308" labelName="Label_10"/>
        <DATE lefttop_x="84" lefttop_y="872" height="43" width="164" font="" value="1070314" labelName="Label_11"/>
        <DATE lefttop_x="83" lefttop_y="924" height="41" width="159" font="" value="1070324" labelName="Label_12"/>
        <ATM_ID lefttop_x="321" lefttop_y="345" height="37" width="128" font="" value="822988" labelName="Label_14"/>
        <ATM_ID lefttop_x="322" lefttop_y="393" height="39" width="130" font="" value="822984" labelName="Label_15"/>
        <ATM_ID lefttop_x="316" lefttop_y="444" height="40" width="132" font="" value="822968" labelName="Label_16"/>
        <ATM_ID lefttop_x="316" lefttop_y="497" height="35" width="135" font="" value="822688" labelName="Label_17"/>
        <ATM_ID lefttop_x="309" lefttop_y="551" height="37" width="138" font="" value="822968" labelName="Label_18"/>
        <ATM_ID lefttop_x="304" lefttop_y="602" height="37" width="140" font="" value="310424" labelName="Label_19"/>
        <DATE lefttop_x="126" lefttop_y="393" height="38" width="151" font="" value="1070221" labelName="Label_2"/>
        <ATM_ID lefttop_x="303" lefttop_y="655" height="38" width="140" font="" value="013988" labelName="Label_20"/>
        <ATM_ID lefttop_x="296" lefttop_y="709" height="38" width="143" font="" value="013988" labelName="Label_21"/>
        <ATM_ID lefttop_x="297" lefttop_y="766" height="37" width="145" font="" value="0613988" labelName="Label_22"/>
        <ATM_ID lefttop_x="292" lefttop_y="821" height="35" width="143" font="" value="013988" labelName="Label_23"/>
        <ATM_ID lefttop_x="291" lefttop_y="872" height="40" width="145" font="" value="822088" labelName="Label_24"/>
        <ATM_ID lefttop_x="290" lefttop_y="927" height="37" width="141" font="" value="803988" labelName="Label_25"/>
        <ATM_ID lefttop_x="292" lefttop_y="978" height="37" width="141" font="" value="822988" labelName="Label_26"/>
        <DATE lefttop_x="114" lefttop_y="1134" height="23" width="120" font="" value="" labelName="Label_27"/>
        <ATM_ID lefttop_x="281" lefttop_y="1123" height="33" width="141" font="" value="2100424" labelName="Label_28"/>
        <MEMO lefttop_x="425" lefttop_y="1117" height="40" width="137" font="" value="轉帳存" labelName="Label_29"/>
        <DATE lefttop_x="122" lefttop_y="445" height="37" width="151" font="" value="1070225" labelName="Label_3"/>
        <MEMO lefttop_x="436" lefttop_y="975" height="43" width="111" font="" value="ATM領" labelName="Label_30"/>
        <MEMO lefttop_x="432" lefttop_y="925" height="39" width="114" font="" value="ATM領" labelName="Label_31"/>
        <MEMO lefttop_x="438" lefttop_y="873" height="43" width="113" font="" value="ATM領" labelName="Label_32"/>
        <MEMO lefttop_x="437" lefttop_y="820" height="40" width="119" font="" value="ATM領" labelName="Label_33"/>
        <MEMO lefttop_x="444" lefttop_y="763" height="43" width="108" font="" value="ATM領" labelName="Label_34"/>
        <MEMO lefttop_x="441" lefttop_y="712" height="39" width="109" font="" value="ATM領" labelName="Label_35"/>
        <MEMO lefttop_x="446" lefttop_y="657" height="40" width="113" font="" value="ATM領" labelName="Label_36"/>
        <MEMO lefttop_x="445" lefttop_y="600" height="45" width="132" font="" value="轉帳存" labelName="Label_37"/>
        <MEMO lefttop_x="447" lefttop_y="550" height="42" width="112" font="" value="ATM領" labelName="Label_38"/>
        <MEMO lefttop_x="454" lefttop_y="499" height="40" width="105" font="" value="ATM領" labelName="Label_39"/>
        <DATE lefttop_x="116" lefttop_y="497" height="38" width="156" font="" value="1070228" labelName="Label_4"/>
        <MEMO lefttop_x="450" lefttop_y="446" height="43" width="108" font="" value="ATM領" labelName="Label_40"/>
        <MEMO lefttop_x="455" lefttop_y="398" height="40" width="109" font="" value="ATM領" labelName="Label_41"/>
        <WITHDRAWAL lefttop_x="733" lefttop_y="353" height="34" width="43" font="" value="o1" labelName="Label_42"/>
        <WITHDRAWAL lefttop_x="587" lefttop_y="402" height="40" width="364" font="" value="********20,000.00" labelName="Label_43"/>
        <WITHDRAWAL lefttop_x="583" lefttop_y="452" height="40" width="365" font="" value="*********5,000.00" labelName="Label_44"/>
        <WITHDRAWAL lefttop_x="585" lefttop_y="503" height="42" width="366" font="" value="********20,000.00" labelName="Label_45"/>
        <WITHDRAWAL lefttop_x="581" lefttop_y="556" height="40" width="370" font="" value="*********5,000.00" labelName="Label_46"/>
        <WITHDRAWAL lefttop_x="598" lefttop_y="602" height="46" width="179" font="" value="REEHE" labelName="Label_47"/>
        <WITHDRAWAL lefttop_x="581" lefttop_y="660" height="42" width="372" font="" value="********20,000.00" labelName="Label_48"/>
        <WITHDRAWAL lefttop_x="577" lefttop_y="712" height="40" width="370" font="" value="********20,000.00" labelName="Label_49"/>
        <DATE lefttop_x="110" lefttop_y="550" height="37" width="155" font="" value="1070301" labelName="Label_5"/>
        <WITHDRAWAL lefttop_x="579" lefttop_y="767" height="40" width="372" font="" value="********20,000.00" labelName="Label_50"/>
        <WITHDRAWAL lefttop_x="577" lefttop_y="816" height="41" width="370" font="" value="********20,000.00" labelName="Label_51"/>
        <WITHDRAWAL lefttop_x="577" lefttop_y="869" height="40" width="370" font="" value="********10,000.00" labelName="Label_52"/>
        <WITHDRAWAL lefttop_x="571" lefttop_y="920" height="42" width="370" font="" value="*********3,000.00" labelName="Label_53"/>
        <WITHDRAWAL lefttop_x="569" lefttop_y="965" height="42" width="372" font="" value="********10,000.00" labelName="Label_54"/>
        <WITHDRAWAL lefttop_x="586" lefttop_y="1105" height="50" width="198" font="" value="K PERTR" labelName="Label_55"/>
        <DEPOSIT lefttop_x="900" lefttop_y="608" height="46" width="355" font="" value="********60,895.00" labelName="Label_56"/>
        <DEPOSIT lefttop_x="902" lefttop_y="1087" height="50" width="362" font="" value="********37,510.00" labelName="Label_57"/>
        <BALANCE_0 lefttop_x="1245" lefttop_y="372" height="47" width="328" font="" value="*******130,492.00" labelName="Label_58"/>
        <BALANCE lefttop_x="1257" lefttop_y="423" height="42" width="311" font="" value="*******110,492.00" labelName="Label_59"/>
        <DATE lefttop_x="109" lefttop_y="602" height="37" width="154" font="" value="1070305" labelName="Label_6"/>
        <BALANCE lefttop_x="1255" lefttop_y="471" height="42" width="316" font="" value="*******105,492.00" labelName="Label_60"/>
        <BALANCE lefttop_x="1257" lefttop_y="522" height="38" width="314" font="" value="********85,492.00" labelName="Label_61"/>
        <BALANCE lefttop_x="1255" lefttop_y="568" height="43" width="318" font="" value="********80,492.00" labelName="Label_62"/>
        <BALANCE lefttop_x="1257" lefttop_y="621" height="35" width="316" font="" value="*******141,387.00" labelName="Label_63"/>
        <BALANCE lefttop_x="1257" lefttop_y="668" height="38" width="316" font="" value="*******121,387.00" labelName="Label_64"/>
        <BALANCE lefttop_x="1255" lefttop_y="719" height="36" width="322" font="" value="*******101,387.00" labelName="Label_65"/>
        <BALANCE lefttop_x="1256" lefttop_y="766" height="37" width="318" font="" value="********81,387.00" labelName="Label_66"/>
        <BALANCE lefttop_x="1254" lefttop_y="819" height="34" width="316" font="" value="********61,387.00" labelName="Label_67"/>
        <BALANCE lefttop_x="1250" lefttop_y="860" height="44" width="311" font="" value="********51,387.00" labelName="Label_68"/>
        <BALANCE lefttop_x="1246" lefttop_y="912" height="39" width="313" font="" value="********48,387.00" labelName="Label_69"/>
        <DATE lefttop_x="102" lefttop_y="655" height="36" width="160" font="" value="1070308" labelName="Label_7"/>
        <BALANCE lefttop_x="1242" lefttop_y="954" height="42" width="306" font="" value="********38,387.00" labelName="Label_70"/>
        <BALANCE lefttop_x="1264" lefttop_y="1064" height="42" width="318" font="" value="********75,897.00" labelName="Label_71"/>
        <BALANCE lefttop_x="1283" lefttop_y="1109" height="41" width="328" font="" value="********70,697.00" labelName="Label_72"/>
        <EMPLOYEE lefttop_x="1070" lefttop_y="848" height="31" width="102" font="" value="YB0002785-I-008" labelName="Label_73"/>
        <DATE lefttop_x="102" lefttop_y="984" height="30" width="140" font="" value="070327" labelName="Label_74"/>
        <DATE lefttop_x="94" lefttop_y="706" height="40" width="160" font="" value="1070308" labelName="Label_8"/>
        <DATE lefttop_x="94" lefttop_y="764" height="40" width="161" font="" value="1070308" labelName="Label_9"/>
    </Page>
</Frame>
