<?xml version="1.0" encoding="UTF-8"?>
<Frame name="frame_04_R270.jpg" height="1190" width="1684" lefttop_y="0" lefttop_x="0" rotation="R0" source="frame_04_R270.jpg">
    <Page name="Default" rotation="R0" ctr="(0, 0)(1684, 0)(1684, 1190)(0, 1190)" bbox="0 0 1684 1190"/>
    <Page name="b0080101" rotation="R0" ctr="(39, 247)(40, 321)(53, 387)(41, 432)(40, 1150)(1614, 1147)(1612, 960)(1616, 911)(1564, 630)(1516, 504)(1471, 439)(1522, 256)" bbox="39 247 1577 903">
        <DATE lefttop_x="102" lefttop_y="253" height="40" width="147" font="" value="1061216" labelName="Label_0"/>
        <DATE lefttop_x="107" lefttop_y="302" height="44" width="150" font="" value="1061221" labelName="Label_1"/>
        <DATE lefttop_x="71" lefttop_y="841" height="38" width="159" font="" value="1070204" labelName="Label_10"/>
        <DATE lefttop_x="68" lefttop_y="895" height="41" width="156" font="" value="1070205" labelName="Label_11"/>
        <DATE lefttop_x="70" lefttop_y="953" height="41" width="157" font="" value="1070211" labelName="Label_12"/>
        <DATE lefttop_x="68" lefttop_y="1008" height="42" width="156" font="" value="1070211" labelName="Label_13"/>
        <ATM_ID lefttop_x="290" lefttop_y="259" height="41" width="133" font="" value="313018" labelName="Label_14"/>
        <ATM_ID lefttop_x="296" lefttop_y="309" height="42" width="128" font="" value="065134" labelName="Label_15"/>
        <ATM_ID lefttop_x="287" lefttop_y="442" height="35" width="133" font="" value="013988" labelName="Label_16"/>
        <ATM_ID lefttop_x="289" lefttop_y="484" height="34" width="130" font="" value="013988" labelName="Label_17"/>
        <ATM_ID lefttop_x="280" lefttop_y="530" height="37" width="141" font="" value="310414" labelName="Label_18"/>
        <ATM_ID lefttop_x="275" lefttop_y="578" height="35" width="139" font="" value="01398&amp;" labelName="Label_19"/>
        <DATE lefttop_x="102" lefttop_y="442" height="34" width="150" font="" value="1061224" labelName="Label_2"/>
        <ATM_ID lefttop_x="275" lefttop_y="628" height="37" width="136" font="" value="822988" labelName="Label_20"/>
        <ATM_ID lefttop_x="271" lefttop_y="677" height="42" width="140" font="" value="313028" labelName="Label_21"/>
        <ATM_ID lefttop_x="271" lefttop_y="730" height="43" width="137" font="" value="313028" labelName="Label_22"/>
        <ATM_ID lefttop_x="269" lefttop_y="781" height="43" width="136" font="" value="310424" labelName="Label_23"/>
        <ATM_ID lefttop_x="269" lefttop_y="835" height="41" width="137" font="" value="822984" labelName="Label_24"/>
        <ATM_ID lefttop_x="265" lefttop_y="891" height="45" width="142" font="" value="310414" labelName="Label_25"/>
        <ATM_ID lefttop_x="270" lefttop_y="946" height="42" width="137" font="" value="822984" labelName="Label_26"/>
        <ATM_ID lefttop_x="272" lefttop_y="1005" height="43" width="131" font="" value="$2298¢" labelName="Label_27"/>
        <MEMO lefttop_x="425" lefttop_y="263" height="48" width="103" font="" value="ATM領" labelName="Label_28"/>
        <MEMO lefttop_x="429" lefttop_y="315" height="47" width="120" font="" value="存款息" labelName="Label_29"/>
        <DATE lefttop_x="96" lefttop_y="487" height="35" width="150" font="" value="1061231" labelName="Label_3"/>
        <MEMO lefttop_x="422" lefttop_y="445" height="35" width="107" font="" value="ATM領" labelName="Label_30"/>
        <MEMO lefttop_x="422" lefttop_y="487" height="36" width="107" font="" value="ATM領" labelName="Label_31"/>
        <MEMO lefttop_x="433" lefttop_y="531" height="39" width="132" font="" value="轉帳存" labelName="Label_32"/>
        <MEMO lefttop_x="417" lefttop_y="575" height="43" width="128" font="" value="ATM領" labelName="Label_33"/>
        <MEMO lefttop_x="415" lefttop_y="625" height="41" width="133" font="" value="ATM領" labelName="Label_34"/>
        <MEMO lefttop_x="412" lefttop_y="677" height="43" width="133" font="" value="ATM領" labelName="Label_35"/>
        <MEMO lefttop_x="409" lefttop_y="729" height="42" width="133" font="" value="ATM領" labelName="Label_36"/>
        <MEMO lefttop_x="409" lefttop_y="778" height="44" width="130" font="" value="轉帳存" labelName="Label_37"/>
        <MEMO lefttop_x="410" lefttop_y="832" height="42" width="116" font="" value="ATM領" labelName="Label_38"/>
        <MEMO lefttop_x="409" lefttop_y="883" height="47" width="128" font="" value="轉帳存" labelName="Label_39"/>
        <DATE lefttop_x="87" lefttop_y="533" height="35" width="157" font="" value="1070105" labelName="Label_4"/>
        <MEMO lefttop_x="411" lefttop_y="941" height="45" width="112" font="" value="ATM領" labelName="Label_40"/>
        <MEMO lefttop_x="405" lefttop_y="997" height="45" width="115" font="" value="ATM領" labelName="Label_41"/>
        <WITHDRAWAL lefttop_x="548" lefttop_y="271" height="54" width="344" font="" value="*********5,000.00" labelName="Label_42"/>
        <WITHDRAWAL lefttop_x="573" lefttop_y="325" height="43" width="207" font="" value="Fravesaniyy" labelName="Label_43"/>
        <WITHDRAWAL lefttop_x="547" lefttop_y="448" height="43" width="339" font="" value="********10,000.00" labelName="Label_44"/>
        <WITHDRAWAL lefttop_x="551" lefttop_y="493" height="34" width="348" font="" value="*********5,000.00" labelName="Label_45"/>
        <WITHDRAWAL lefttop_x="632" lefttop_y="531" height="40" width="167" font="" value="AETE" labelName="Label_46"/>
        <WITHDRAWAL lefttop_x="587" lefttop_y="577" height="38" width="354" font="" value="*********3,000.00" labelName="Label_47"/>
        <WITHDRAWAL lefttop_x="588" lefttop_y="620" height="45" width="353" font="" value="*********5,000.00" labelName="Label_48"/>
        <WITHDRAWAL lefttop_x="589" lefttop_y="674" height="40" width="362" font="" value="*********5,000.00" labelName="Label_49"/>
        <DATE lefttop_x="79" lefttop_y="580" height="38" width="158" font="" value="1070109" labelName="Label_5"/>
        <WITHDRAWAL lefttop_x="586" lefttop_y="723" height="40" width="364" font="" value="*********1,000.00" labelName="Label_50"/>
        <WITHDRAWAL lefttop_x="563" lefttop_y="769" height="48" width="185" font="" value="KREWE" labelName="Label_51"/>
        <WITHDRAWAL lefttop_x="544" lefttop_y="817" height="44" width="376" font="" value="*********5,000.00" labelName="Label_52"/>
        <WITHDRAWAL lefttop_x="565" lefttop_y="875" height="50" width="183" font="" value="KT" labelName="Label_53"/>
        <WITHDRAWAL lefttop_x="545" lefttop_y="927" height="46" width="380" font="" value="*********5,000.00" labelName="Label_54"/>
        <WITHDRAWAL lefttop_x="542" lefttop_y="980" height="54" width="382" font="" value="********20,000.00" labelName="Label_55"/>
        <DEPOSIT lefttop_x="847" lefttop_y="345" height="45" width="318" font="" value="************73.00" labelName="Label_56"/>
        <DEPOSIT lefttop_x="895" lefttop_y="535" height="38" width="328" font="" value="********48,646.00" labelName="Label_57"/>
        <DEPOSIT lefttop_x="865" lefttop_y="767" height="40" width="357" font="" value="********42,843.00" labelName="Label_58"/>
        <DEPOSIT lefttop_x="871" lefttop_y="865" height="40" width="358" font="" value="********42,147.00" labelName="Label_59"/>
        <DATE lefttop_x="75" lefttop_y="632" height="39" width="159" font="" value="1070114" labelName="Label_6"/>
        <BALANCE lefttop_x="1178" lefttop_y="263" height="47" width="300" font="" value="********60,783.00" labelName="Label_60"/>
        <BALANCE lefttop_x="1173" lefttop_y="313" height="47" width="293" font="" value="********55,783.00" labelName="Label_61"/>
        <BALANCE lefttop_x="1168" lefttop_y="360" height="45" width="286" font="" value="********55,856.00" labelName="Label_62"/>
        <BALANCE lefttop_x="1164" lefttop_y="463" height="38" width="297" font="" value="********45,856.00" labelName="Label_63"/>
        <BALANCE lefttop_x="1177" lefttop_y="504" height="29" width="299" font="" value="********40,856.00" labelName="Label_64"/>
        <BALANCE lefttop_x="1224" lefttop_y="540" height="32" width="297" font="" value="********89,502.00" labelName="Label_65"/>
        <BALANCE lefttop_x="1225" lefttop_y="581" height="33" width="313" font="" value="********86,502.00" labelName="Label_66"/>
        <BALANCE lefttop_x="1235" lefttop_y="622" height="37" width="312" font="" value="********81,502.00" labelName="Label_67"/>
        <BALANCE lefttop_x="1244" lefttop_y="668" height="35" width="318" font="" value="********76,502.00" labelName="Label_68"/>
        <BALANCE lefttop_x="1247" lefttop_y="713" height="36" width="322" font="" value="********75,502.00" labelName="Label_69"/>
        <DATE lefttop_x="72" lefttop_y="682" height="38" width="156" font="" value="1070120" labelName="Label_7"/>
        <BALANCE lefttop_x="1221" lefttop_y="757" height="39" width="324" font="" value="*******118,345.00" labelName="Label_70"/>
        <BALANCE lefttop_x="1228" lefttop_y="802" height="42" width="325" font="" value="*******113,345.00" labelName="Label_71"/>
        <BALANCE lefttop_x="1232" lefttop_y="854" height="43" width="327" font="" value="*******155,492.00" labelName="Label_72"/>
        <BALANCE lefttop_x="1236" lefttop_y="903" height="45" width="332" font="" value="*******150,492.00" labelName="Label_73"/>
        <BALANCE lefttop_x="1240" lefttop_y="953" height="49" width="335" font="" value="*******130,492.00" labelName="Label_74"/>
        <EMPLOYEE lefttop_x="981" lefttop_y="664" height="71" width="197" font="" value="YB0002785-I-008" labelName="Label_75"/>
        <DATE lefttop_x="69" lefttop_y="736" height="41" width="157" font="" value="1070120" labelName="Label_8"/>
        <DATE lefttop_x="71" lefttop_y="787" height="40" width="156" font="" value="1070130" labelName="Label_9"/>
    </Page>
</Frame>
