<?xml version="1.0" encoding="UTF-8"?>
<Frame name="frame_03_R270.jpg" height="1190" width="1684" lefttop_y="0" lefttop_x="0" rotation="R0" source="frame_03_R270.jpg">
    <Page name="Default" rotation="R0" ctr="(0, 0)(1684, 0)(1684, 1190)(0, 1190)" bbox="0 0 1684 1190"/>
    <Page name="b0080101" rotation="R0" ctr="(194, 255)(181, 275)(145, 291)(73, 311)(49, 310)(41, 496)(42, 975)(53, 1065)(40, 1145)(31, 1165)(1534, 1175)(1522, 1141)(1454, 1006)(1550, 754)(1597, 541)(1613, 361)(1580, 333)(871, 269)" bbox="31 255 1582 920">
        <ACCOUNT_ID lefttop_x="460" lefttop_y="362" height="49" width="263" font="" value="xxxxxxxxxxxx" labelName="Label_0"/>
        <DATE lefttop_x="132" lefttop_y="343" height="45" width="151" font="" value="1070426" labelName="Label_1"/>
        <DATE lefttop_x="101" lefttop_y="838" height="41" width="166" font="" value="1070605" labelName="Label_10"/>
        <DATE lefttop_x="101" lefttop_y="887" height="44" width="162" font="" value="1070609" labelName="Label_11"/>
        <DATE lefttop_x="103" lefttop_y="941" height="40" width="164" font="" value="1070618" labelName="Label_12"/>
        <DATE lefttop_x="110" lefttop_y="988" height="40" width="159" font="" value="1070621" labelName="Label_13"/>
        <DATE lefttop_x="111" lefttop_y="1125" height="35" width="158" font="" value="1070623" labelName="Label_14"/>
        <ATM_ID lefttop_x="325" lefttop_y="356" height="39" width="130" font="" value="310018" labelName="Label_15"/>
        <ATM_ID lefttop_x="322" lefttop_y="409" height="43" width="133" font="" value="310424," labelName="Label_16"/>
        <ATM_ID lefttop_x="320" lefttop_y="459" height="45" width="133" font="" value="310018" labelName="Label_17"/>
        <ATM_ID lefttop_x="291" lefttop_y="513" height="42" width="135" font="" value="P22988" labelName="Label_18"/>
        <ATM_ID lefttop_x="290" lefttop_y="565" height="47" width="137" font="" value="10028" labelName="Label_19"/>
        <DATE lefttop_x="125" lefttop_y="398" height="44" width="155" font="" value="1070504" labelName="Label_2"/>
        <ATM_ID lefttop_x="312" lefttop_y="622" height="45" width="139" font="" value="822988" labelName="Label_20"/>
        <ATM_ID lefttop_x="310" lefttop_y="678" height="39" width="138" font="" value="822488" labelName="Label_21"/>
        <ATM_ID lefttop_x="308" lefttop_y="730" height="41" width="137" font="" value="310018" labelName="Label_22"/>
        <ATM_ID lefttop_x="304" lefttop_y="787" height="43" width="141" font="" value="310424" labelName="Label_23"/>
        <ATM_ID lefttop_x="305" lefttop_y="842" height="38" width="142" font="" value="822988" labelName="Label_24"/>
        <ATM_ID lefttop_x="304" lefttop_y="893" height="37" width="138" font="" value="323058" labelName="Label_25"/>
        <ATM_ID lefttop_x="305" lefttop_y="943" height="33" width="139" font="" value="822988" labelName="Label_26"/>
        <ATM_ID lefttop_x="312" lefttop_y="985" height="34" width="134" font="" value="065134" labelName="Label_27"/>
        <MEMO lefttop_x="459" lefttop_y="414" height="46" width="127" font="" value="轉帳存" labelName="Label_28"/>
        <MEMO lefttop_x="455" lefttop_y="469" height="45" width="112" font="" value="ATM領" labelName="Label_29"/>
        <DATE lefttop_x="119" lefttop_y="453" height="44" width="161" font="" value="1070505" labelName="Label_3"/>
        <MEMO lefttop_x="429" lefttop_y="521" height="43" width="113" font="" value="ATM領" labelName="Label_30"/>
        <MEMO lefttop_x="428" lefttop_y="572" height="43" width="111" font="" value="ATM領" labelName="Label_31"/>
        <MEMO lefttop_x="452" lefttop_y="629" height="42" width="107" font="" value="ATM領" labelName="Label_32"/>
        <MEMO lefttop_x="450" lefttop_y="682" height="41" width="113" font="" value="ATM領" labelName="Label_33"/>
        <MEMO lefttop_x="448" lefttop_y="734" height="42" width="111" font="" value="ATM領" labelName="Label_34"/>
        <MEMO lefttop_x="448" lefttop_y="789" height="44" width="130" font="" value="轉帳存" labelName="Label_35"/>
        <MEMO lefttop_x="449" lefttop_y="844" height="40" width="110" font="" value="ATM領" labelName="Label_36"/>
        <MEMO lefttop_x="444" lefttop_y="891" height="41" width="109" font="" value="ATM領" labelName="Label_37"/>
        <MEMO lefttop_x="447" lefttop_y="937" height="37" width="103" font="" value="ATM領" labelName="Label_38"/>
        <MEMO lefttop_x="448" lefttop_y="979" height="38" width="127" font="" value="存款息" labelName="Label_39"/>
        <DATE lefttop_x="94" lefttop_y="505" height="45" width="159" font="" value="1070506" labelName="Label_4"/>
        <ATM_ID lefttop_x="306" lefttop_y="1112" height="44" width="133" font="" value="13984" labelName="Label_40"/>
        <MEMO lefttop_x="442" lefttop_y="1101" height="53" width="109" font="" value="ATM領" labelName="Label_41"/>
        <WITHDRAWAL lefttop_x="742" lefttop_y="376" height="40" width="46" font="" value="01" labelName="Label_42"/>
        <WITHDRAWAL lefttop_x="611" lefttop_y="422" height="52" width="172" font="" value="A EF %" labelName="Label_43"/>
        <WITHDRAWAL lefttop_x="589" lefttop_y="481" height="52" width="366" font="" value="********10,000.00" labelName="Label_44"/>
        <WITHDRAWAL lefttop_x="564" lefttop_y="530" height="51" width="366" font="" value="********10,000.00" labelName="Label_45"/>
        <WITHDRAWAL lefttop_x="564" lefttop_y="587" height="48" width="364" font="" value="*********6,000.00" labelName="Label_46"/>
        <WITHDRAWAL lefttop_x="585" lefttop_y="639" height="47" width="365" font="" value="*********5,000.00" labelName="Label_47"/>
        <WITHDRAWAL lefttop_x="583" lefttop_y="691" height="46" width="357" font="" value="*********5,000.00" labelName="Label_48"/>
        <WITHDRAWAL lefttop_x="579" lefttop_y="741" height="44" width="358" font="" value="*********5,000.00" labelName="Label_49"/>
        <DATE lefttop_x="90" lefttop_y="557" height="45" width="156" font="" value="1070506" labelName="Label_5"/>
        <WITHDRAWAL lefttop_x="593" lefttop_y="792" height="46" width="175" font="" value="KEH" labelName="Label_50"/>
        <WITHDRAWAL lefttop_x="577" lefttop_y="841" height="42" width="354" font="" value="*********5,000.00" labelName="Label_51"/>
        <WITHDRAWAL lefttop_x="576" lefttop_y="888" height="38" width="347" font="" value="********30,000.00" labelName="Label_52"/>
        <WITHDRAWAL lefttop_x="573" lefttop_y="933" height="37" width="343" font="" value="*********6,000.00" labelName="Label_53"/>
        <WITHDRAWAL lefttop_x="596" lefttop_y="973" height="39" width="205" font="" value="0" labelName="Label_54"/>
        <WITHDRAWAL lefttop_x="572" lefttop_y="1081" height="55" width="337" font="" value="*********6,000.00" labelName="Label_55"/>
        <DEPOSIT lefttop_x="905" lefttop_y="440" height="54" width="349" font="" value="********47,206.00" labelName="Label_56"/>
        <DEPOSIT lefttop_x="888" lefttop_y="794" height="44" width="326" font="" value="********45,654.00" labelName="Label_57"/>
        <DEPOSIT lefttop_x="872" lefttop_y="960" height="41" width="304" font="" value="************87.00" labelName="Label_58"/>
        <DEPOSIT lefttop_x="875" lefttop_y="1113" height="48" width="318" font="" value="********18,050.00" labelName="Label_59"/>
        <DATE lefttop_x="106" lefttop_y="614" height="45" width="162" font="" value="1070520" labelName="Label_6"/>
        <BALANCE_0 lefttop_x="1258" lefttop_y="414" height="52" width="311" font="" value="***********897.00" labelName="Label_60"/>
        <BALANCE lefttop_x="1259" lefttop_y="466" height="49" width="305" font="" value="********48,103.00" labelName="Label_61"/>
        <BALANCE lefttop_x="1251" lefttop_y="518" height="45" width="305" font="" value="********38,103.00" labelName="Label_62"/>
        <BALANCE lefttop_x="1223" lefttop_y="567" height="44" width="312" font="" value="********28,103.00" labelName="Label_63"/>
        <BALANCE lefttop_x="1223" lefttop_y="617" height="40" width="306" font="" value="********22,103.00" labelName="Label_64"/>
        <BALANCE lefttop_x="1236" lefttop_y="662" height="43" width="301" font="" value="********17,103.00" labelName="Label_65"/>
        <BALANCE lefttop_x="1228" lefttop_y="708" height="41" width="296" font="" value="********12,103.00" labelName="Label_66"/>
        <BALANCE lefttop_x="1220" lefttop_y="758" height="32" width="299" font="" value="*********7,103.00" labelName="Label_67"/>
        <BALANCE lefttop_x="1215" lefttop_y="804" height="32" width="288" font="" value="********52,757.00" labelName="Label_68"/>
        <BALANCE lefttop_x="1206" lefttop_y="842" height="37" width="288" font="" value="********47,757.00" labelName="Label_69"/>
        <DATE lefttop_x="103" lefttop_y="665" height="44" width="163" font="" value="1070524" labelName="Label_7"/>
        <BALANCE lefttop_x="1191" lefttop_y="884" height="34" width="282" font="" value="********17,757.00" labelName="Label_70"/>
        <BALANCE lefttop_x="1183" lefttop_y="918" height="35" width="280" font="" value="********11,757.00" labelName="Label_71"/>
        <BALANCE lefttop_x="1177" lefttop_y="953" height="33" width="275" font="" value="********11,844.00" labelName="Label_72"/>
        <BALANCE lefttop_x="1176" lefttop_y="1048" height="38" width="275" font="" value="*********5,844.00" labelName="Label_73"/>
        <BALANCE lefttop_x="1194" lefttop_y="1085" height="42" width="274" font="" value="********23,894.00" labelName="Label_74"/>
        <EMPLOYEE lefttop_x="1023" lefttop_y="614" height="50" width="135" font="" value="YB0002785-I-008" labelName="Label_75"/>
        <DATE lefttop_x="103" lefttop_y="722" height="43" width="160" font="" value="1070531" labelName="Label_8"/>
        <DATE lefttop_x="100" lefttop_y="783" height="44" width="162" font="" value="1070605" labelName="Label_9"/>
    </Page>
</Frame>
