<?xml version="1.0" encoding="UTF-8"?>
<Frame name="frame_01_R270.jpg" height="1190" width="1684" lefttop_y="0" lefttop_x="0" rotation="R0" source="frame_01_R270.jpg">
    <Page name="Default" rotation="R0" ctr="(0, 0)(1684, 0)(1684, 1190)(0, 1190)" bbox="0 0 1684 1190"/>
    <Page name="b0080101" rotation="R0" ctr="(80, 258)(111, 274)(118, 302)(115, 332)(101, 363)(79, 382)(68, 550)(61, 660)(57, 833)(57, 966)(64, 1038)(122, 1045)(140, 1063)(151, 1090)(154, 1114)(149, 1136)(138, 1161)(1611, 1152)(1616, 820)(1633, 804)(1624, 276)(1524, 259)" bbox="57 258 1576 903">
        <ACCOUNT_ID lefttop_x="486" lefttop_y="333" height="53" width="276" font="" value="xxxxxxxxxxxx" labelName="Label_0"/>
        <DATE lefttop_x="164" lefttop_y="332" height="35" width="138" font="" value="1070211" labelName="Label_1"/>
        <DATE lefttop_x="122" lefttop_y="828" height="42" width="160" font="" value="1070308" labelName="Label_10"/>
        <DATE lefttop_x="123" lefttop_y="884" height="41" width="161" font="" value="1070314" labelName="Label_11"/>
        <DATE lefttop_x="123" lefttop_y="932" height="36" width="159" font="" value="1070324" labelName="Label_12"/>
        <DATE lefttop_x="127" lefttop_y="983" height="35" width="160" font="" value="1070327" labelName="Label_13"/>
        <DATE lefttop_x="156" lefttop_y="1126" height="28" width="136" font="" value="070403" labelName="Label_14"/>
        <ATM_ID lefttop_x="347" lefttop_y="330" height="38" width="134" font="" value="822888" labelName="Label_15"/>
        <ATM_ID lefttop_x="345" lefttop_y="388" height="42" width="137" font="" value="822984" labelName="Label_16"/>
        <ATM_ID lefttop_x="339" lefttop_y="445" height="40" width="134" font="" value="822988" labelName="Label_17"/>
        <ATM_ID lefttop_x="338" lefttop_y="500" height="40" width="137" font="" value="822984" labelName="Label_18"/>
        <ATM_ID lefttop_x="331" lefttop_y="558" height="40" width="142" font="" value="822984" labelName="Label_19"/>
        <DATE lefttop_x="158" lefttop_y="386" height="36" width="142" font="" value="1070221" labelName="Label_2"/>
        <ATM_ID lefttop_x="329" lefttop_y="615" height="41" width="144" font="" value="310424" labelName="Label_20"/>
        <ATM_ID lefttop_x="328" lefttop_y="671" height="41" width="146" font="" value="013984" labelName="Label_21"/>
        <ATM_ID lefttop_x="326" lefttop_y="726" height="44" width="144" font="" value="013988" labelName="Label_22"/>
        <ATM_ID lefttop_x="327" lefttop_y="784" height="39" width="146" font="" value="013984" labelName="Label_23"/>
        <ATM_ID lefttop_x="323" lefttop_y="838" height="39" width="147" font="" value="013988" labelName="Label_24"/>
        <ATM_ID lefttop_x="330" lefttop_y="889" height="37" width="143" font="" value="822988" labelName="Label_25"/>
        <ATM_ID lefttop_x="329" lefttop_y="939" height="33" width="141" font="" value="803988" labelName="Label_26"/>
        <ATM_ID lefttop_x="335" lefttop_y="979" height="35" width="136" font="" value="822988" labelName="Label_27"/>
        <ATM_ID lefttop_x="330" lefttop_y="1112" height="40" width="136" font="" value="210424" labelName="Label_28"/>
        <MEMO lefttop_x="485" lefttop_y="390" height="49" width="116" font="" value="ATM領" labelName="Label_29"/>
        <DATE lefttop_x="150" lefttop_y="440" height="38" width="146" font="" value="1070225" labelName="Label_3"/>
        <MEMO lefttop_x="477" lefttop_y="448" height="45" width="119" font="" value="ATM領" labelName="Label_30"/>
        <MEMO lefttop_x="478" lefttop_y="507" height="46" width="117" font="" value="ATM領" labelName="Label_31"/>
        <MEMO lefttop_x="477" lefttop_y="564" height="45" width="113" font="" value="ATM領" labelName="Label_32"/>
        <MEMO lefttop_x="475" lefttop_y="618" height="48" width="135" font="" value="轉帳存" labelName="Label_33"/>
        <MEMO lefttop_x="475" lefttop_y="674" height="48" width="117" font="" value="ATM領" labelName="Label_34"/>
        <MEMO lefttop_x="471" lefttop_y="731" height="44" width="115" font="" value="ATM領" labelName="Label_35"/>
        <MEMO lefttop_x="476" lefttop_y="787" height="40" width="113" font="" value="ATM領" labelName="Label_36"/>
        <MEMO lefttop_x="472" lefttop_y="839" height="39" width="114" font="" value="ATM領" labelName="Label_37"/>
        <MEMO lefttop_x="475" lefttop_y="888" height="39" width="112" font="" value="ATM領" labelName="Label_38"/>
        <MEMO lefttop_x="472" lefttop_y="934" height="36" width="109" font="" value="ATM領" labelName="Label_39"/>
        <DATE lefttop_x="141" lefttop_y="495" height="38" width="154" font="" value="1070228" labelName="Label_4"/>
        <MEMO lefttop_x="473" lefttop_y="977" height="36" width="113" font="" value="ATM領" labelName="Label_40"/>
        <MEMO lefttop_x="470" lefttop_y="1103" height="48" width="130" font="" value="轉帳存" labelName="Label_41"/>
        <WITHDRAWAL lefttop_x="785" lefttop_y="347" height="45" width="50" font="" value="01" labelName="Label_42"/>
        <WITHDRAWAL lefttop_x="627" lefttop_y="400" height="60" width="399" font="" value="********20,000.00" labelName="Label_43"/>
        <WITHDRAWAL lefttop_x="619" lefttop_y="462" height="56" width="397" font="" value="*********5,000.00" labelName="Label_44"/>
        <WITHDRAWAL lefttop_x="620" lefttop_y="521" height="53" width="392" font="" value="********20,000.00" labelName="Label_45"/>
        <WITHDRAWAL lefttop_x="615" lefttop_y="582" height="46" width="394" font="" value="*********5,000.00" labelName="Label_46"/>
        <WITHDRAWAL lefttop_x="632" lefttop_y="630" height="47" width="194" font="" value="K" labelName="Label_47"/>
        <WITHDRAWAL lefttop_x="616" lefttop_y="685" height="47" width="385" font="" value="********20,000.00" labelName="Label_48"/>
        <WITHDRAWAL lefttop_x="612" lefttop_y="739" height="46" width="379" font="" value="********20,000.00" labelName="Label_49"/>
        <DATE lefttop_x="137" lefttop_y="552" height="39" width="150" font="" value="1070301" labelName="Label_5"/>
        <WITHDRAWAL lefttop_x="614" lefttop_y="793" height="39" width="376" font="" value="********20,000.00" labelName="Label_50"/>
        <WITHDRAWAL lefttop_x="610" lefttop_y="841" height="38" width="373" font="" value="********20,000.00" labelName="Label_51"/>
        <WITHDRAWAL lefttop_x="611" lefttop_y="888" height="34" width="370" font="" value="********10,000.00" labelName="Label_52"/>
        <WITHDRAWAL lefttop_x="603" lefttop_y="926" height="40" width="360" font="" value="*********3,000.00" labelName="Label_53"/>
        <WITHDRAWAL lefttop_x="607" lefttop_y="969" height="38" width="353" font="" value="********10,000.00" labelName="Label_54"/>
        <WITHDRAWAL lefttop_x="622" lefttop_y="1094" height="49" width="172" font="" value="AT" labelName="Label_55"/>
        <DEPOSIT lefttop_x="953" lefttop_y="642" height="45" width="364" font="" value="********60,895.00" labelName="Label_56"/>
        <DEPOSIT lefttop_x="910" lefttop_y="1069" height="47" width="328" font="" value="********37,510.00" labelName="Label_57"/>
        <BALANCE_0 lefttop_x="1355" lefttop_y="383" height="62" width="262" font="" value="*******130,49" labelName="Label_58"/>
        <BALANCE lefttop_x="1354" lefttop_y="441" height="53" width="262" font="" value="*******110,49" labelName="Label_59"/>
        <DATE lefttop_x="132" lefttop_y="604" height="41" width="154" font="" value="1070305" labelName="Label_6"/>
        <BALANCE lefttop_x="1344" lefttop_y="499" height="47" width="274" font="" value="*******105,492" labelName="Label_60"/>
        <BALANCE lefttop_x="1335" lefttop_y="554" height="41" width="281" font="" value="********85,492" labelName="Label_61"/>
        <BALANCE lefttop_x="1327" lefttop_y="601" height="45" width="289" font="" value="********80,492." labelName="Label_62"/>
        <BALANCE lefttop_x="1319" lefttop_y="654" height="41" width="296" font="" value="*******141,387.0" labelName="Label_63"/>
        <BALANCE lefttop_x="1308" lefttop_y="703" height="40" width="307" font="" value="*******121,387.00" labelName="Label_64"/>
        <BALANCE lefttop_x="1296" lefttop_y="749" height="36" width="311" font="" value="*******101,387.00" labelName="Label_65"/>
        <BALANCE lefttop_x="1290" lefttop_y="794" height="36" width="309" font="" value="********81,387.00" labelName="Label_66"/>
        <BALANCE lefttop_x="1273" lefttop_y="840" height="32" width="310" font="" value="********61,387.00" labelName="Label_67"/>
        <BALANCE lefttop_x="1264" lefttop_y="879" height="36" width="298" font="" value="********51,387.00" labelName="Label_68"/>
        <BALANCE lefttop_x="1250" lefttop_y="917" height="34" width="298" font="" value="********48,387.00" labelName="Label_69"/>
        <DATE lefttop_x="131" lefttop_y="662" height="44" width="157" font="" value="1070308" labelName="Label_7"/>
        <BALANCE lefttop_x="1238" lefttop_y="951" height="33" width="290" font="" value="********38,387.00" labelName="Label_70"/>
        <BALANCE lefttop_x="1240" lefttop_y="1049" height="41" width="289" font="" value="********75,897.00" labelName="Label_71"/>
        <BALANCE lefttop_x="1251" lefttop_y="1093" height="44" width="292" font="" value="********70,897.00" labelName="Label_72"/>
        <EMPLOYEE lefttop_x="1070" lefttop_y="765" height="48" width="152" font="" value="YB0002785-I-008" labelName="Label_73"/>
        <CHAR lefttop_x="165" lefttop_y="337" height="28" width="12" font="" value="" labelName="Label_74"/>
        <CHAR lefttop_x="829" lefttop_y="467" height="34" width="21" font="" value="" labelName="Label_75"/>
        <CHAR lefttop_x="978" lefttop_y="420" height="29" width="18" font="" value="" labelName="Label_76"/>
        <CHAR lefttop_x="522" lefttop_y="623" height="40" width="40" font="" value="" labelName="Label_77"/>
        <CHAR lefttop_x="571" lefttop_y="623" height="39" width="37" font="" value="" labelName="Label_79"/>
        <DATE lefttop_x="125" lefttop_y="716" height="46" width="158" font="" value="1070308" labelName="Label_8"/>
        <CHAR lefttop_x="477" lefttop_y="622" height="38" width="39" font="" value="" labelName="Label_80"/>
        <DATE lefttop_x="123" lefttop_y="775" height="40" width="162" font="" value="1070308" labelName="Label_9"/>
    </Page>
</Frame>
