<?xml version="1.0" encoding="UTF-8"?>
<Case name="20180723B610080">
    <Tif name="637C8BE5-67F1-CE64-8424-64D912300000" MD5="">
        <Frame name="frame_00.jpg" height="1684" width="1190" lefttop_y="0" lefttop_x="0" rotation="R0" source="frame_00.jpg">
            <Page name="Default" rotation="R0" ctr="(0, 0)(1190, 0)(1190, 1684)(0, 1684)" bbox="0 0 1190 1684"/>
        </Frame>
        <Frame name="frame_00_R270.jpg" height="1190" width="1684" lefttop_y="0" lefttop_x="0" rotation="R0" source="frame_00_R270.jpg">
            <Page name="B0080301" rotation="R0" ctr="(266, 257)(254, 455)(237, 613)(231, 694)(233, 874)(235, 1008)(236, 1151)(1343, 1148)(1331, 1028)(1320, 896)(1310, 751)(1308, 666)(1283, 568)(1247, 437)(1226, 332)(1212, 257)" bbox="231 257 1112 894">
                <BANK_NAME lefttop_x="363" lefttop_y="938" height="18" width="36" font="" value="008" labelName="Label_0"/>
                <ACCOUNT_HOLDER lefttop_x="398" lefttop_y="863" height="35" width="178" font="" value="彭XX" labelName="Label_1"/>
                <ACCOUNT_ID lefttop_x="383" lefttop_y="773" height="58" width="445" font="" value="xxx-xx-xxxxxx-x" labelName="Label_2"/>
                <EMPLOYEE lefttop_x="709" lefttop_y="957" height="55" width="136" font="" value="YB0002785-C-008" labelName="Label_3"/>
            </Page>
            <Page name="Default" rotation="R0" ctr="(0, 0)(1684, 0)(1684, 1190)(0, 1190)" bbox="0 0 1684 1190"/>
        </Frame>
        <Frame name="frame_01.jpg" height="1684" width="1190" lefttop_y="0" lefttop_x="0" rotation="R0" source="frame_01.jpg">
            <Page name="Default" rotation="R0" ctr="(0, 0)(1190, 0)(1190, 1684)(0, 1684)" bbox="0 0 1190 1684"/>
        </Frame>
        <Frame name="frame_01_R270.jpg" height="1190" width="1684" lefttop_y="0" lefttop_x="0" rotation="R0" source="frame_01_R270.jpg">
            <Page name="Default" rotation="R0" ctr="(0, 0)(1684, 0)(1684, 1190)(0, 1190)" bbox="0 0 1684 1190"/>
            <Page name="b0080101" rotation="R0" ctr="(80, 258)(111, 274)(118, 302)(115, 332)(101, 363)(79, 382)(68, 550)(61, 660)(57, 833)(57, 966)(64, 1038)(122, 1045)(140, 1063)(151, 1090)(154, 1114)(149, 1136)(138, 1161)(1611, 1152)(1616, 820)(1633, 804)(1624, 276)(1524, 259)" bbox="57 258 1576 903">
                <ACCOUNT_ID lefttop_x="486" lefttop_y="333" height="53" width="276" font="" value="xxxxxxxxxxxx" labelName="Label_0"/>
                <DATE lefttop_x="164" lefttop_y="332" height="35" width="138" font="" value="1070211" labelName="Label_1"/>
                <DATE lefttop_x="122" lefttop_y="828" height="42" width="160" font="" value="1070308" labelName="Label_10"/>
                <DATE lefttop_x="123" lefttop_y="884" height="41" width="161" font="" value="1070314" labelName="Label_11"/>
                <DATE lefttop_x="123" lefttop_y="932" height="36" width="159" font="" value="1070324" labelName="Label_12"/>
                <DATE lefttop_x="127" lefttop_y="983" height="35" width="160" font="" value="1070327" labelName="Label_13"/>
                <DATE lefttop_x="156" lefttop_y="1126" height="28" width="136" font="" value="070403" labelName="Label_14"/>
                <ATM_ID lefttop_x="347" lefttop_y="330" height="38" width="134" font="" value="822888" labelName="Label_15"/>
                <ATM_ID lefttop_x="345" lefttop_y="388" height="42" width="137" font="" value="822984" labelName="Label_16"/>
                <ATM_ID lefttop_x="339" lefttop_y="445" height="40" width="134" font="" value="822988" labelName="Label_17"/>
                <ATM_ID lefttop_x="338" lefttop_y="500" height="40" width="137" font="" value="822984" labelName="Label_18"/>
                <ATM_ID lefttop_x="331" lefttop_y="558" height="40" width="142" font="" value="822984" labelName="Label_19"/>
                <DATE lefttop_x="158" lefttop_y="386" height="36" width="142" font="" value="1070221" labelName="Label_2"/>
                <ATM_ID lefttop_x="329" lefttop_y="615" height="41" width="144" font="" value="310424" labelName="Label_20"/>
                <ATM_ID lefttop_x="328" lefttop_y="671" height="41" width="146" font="" value="013984" labelName="Label_21"/>
                <ATM_ID lefttop_x="326" lefttop_y="726" height="44" width="144" font="" value="013988" labelName="Label_22"/>
                <ATM_ID lefttop_x="327" lefttop_y="784" height="39" width="146" font="" value="013984" labelName="Label_23"/>
                <ATM_ID lefttop_x="323" lefttop_y="838" height="39" width="147" font="" value="013988" labelName="Label_24"/>
                <ATM_ID lefttop_x="330" lefttop_y="889" height="37" width="143" font="" value="822988" labelName="Label_25"/>
                <ATM_ID lefttop_x="329" lefttop_y="939" height="33" width="141" font="" value="803988" labelName="Label_26"/>
                <ATM_ID lefttop_x="335" lefttop_y="979" height="35" width="136" font="" value="822988" labelName="Label_27"/>
                <ATM_ID lefttop_x="330" lefttop_y="1112" height="40" width="136" font="" value="210424" labelName="Label_28"/>
                <MEMO lefttop_x="485" lefttop_y="390" height="49" width="116" font="" value="ATM領" labelName="Label_29"/>
                <DATE lefttop_x="150" lefttop_y="440" height="38" width="146" font="" value="1070225" labelName="Label_3"/>
                <MEMO lefttop_x="477" lefttop_y="448" height="45" width="119" font="" value="ATM領" labelName="Label_30"/>
                <MEMO lefttop_x="478" lefttop_y="507" height="46" width="117" font="" value="ATM領" labelName="Label_31"/>
                <MEMO lefttop_x="477" lefttop_y="564" height="45" width="113" font="" value="ATM領" labelName="Label_32"/>
                <MEMO lefttop_x="475" lefttop_y="618" height="48" width="135" font="" value="轉帳存" labelName="Label_33"/>
                <MEMO lefttop_x="475" lefttop_y="674" height="48" width="117" font="" value="ATM領" labelName="Label_34"/>
                <MEMO lefttop_x="471" lefttop_y="731" height="44" width="115" font="" value="ATM領" labelName="Label_35"/>
                <MEMO lefttop_x="476" lefttop_y="787" height="40" width="113" font="" value="ATM領" labelName="Label_36"/>
                <MEMO lefttop_x="472" lefttop_y="839" height="39" width="114" font="" value="ATM領" labelName="Label_37"/>
                <MEMO lefttop_x="475" lefttop_y="888" height="39" width="112" font="" value="ATM領" labelName="Label_38"/>
                <MEMO lefttop_x="472" lefttop_y="934" height="36" width="109" font="" value="ATM領" labelName="Label_39"/>
                <DATE lefttop_x="141" lefttop_y="495" height="38" width="154" font="" value="1070228" labelName="Label_4"/>
                <MEMO lefttop_x="473" lefttop_y="977" height="36" width="113" font="" value="ATM領" labelName="Label_40"/>
                <MEMO lefttop_x="470" lefttop_y="1103" height="48" width="130" font="" value="轉帳存" labelName="Label_41"/>
                <WITHDRAWAL lefttop_x="785" lefttop_y="347" height="45" width="50" font="" value="01" labelName="Label_42"/>
                <WITHDRAWAL lefttop_x="627" lefttop_y="400" height="60" width="399" font="" value="********20,000.00" labelName="Label_43"/>
                <WITHDRAWAL lefttop_x="619" lefttop_y="462" height="56" width="397" font="" value="*********5,000.00" labelName="Label_44"/>
                <WITHDRAWAL lefttop_x="620" lefttop_y="521" height="53" width="392" font="" value="********20,000.00" labelName="Label_45"/>
                <WITHDRAWAL lefttop_x="615" lefttop_y="582" height="46" width="394" font="" value="*********5,000.00" labelName="Label_46"/>
                <WITHDRAWAL lefttop_x="632" lefttop_y="630" height="47" width="194" font="" value="K" labelName="Label_47"/>
                <WITHDRAWAL lefttop_x="616" lefttop_y="685" height="47" width="385" font="" value="********20,000.00" labelName="Label_48"/>
                <WITHDRAWAL lefttop_x="612" lefttop_y="739" height="46" width="379" font="" value="********20,000.00" labelName="Label_49"/>
                <DATE lefttop_x="137" lefttop_y="552" height="39" width="150" font="" value="1070301" labelName="Label_5"/>
                <WITHDRAWAL lefttop_x="614" lefttop_y="793" height="39" width="376" font="" value="********20,000.00" labelName="Label_50"/>
                <WITHDRAWAL lefttop_x="610" lefttop_y="841" height="38" width="373" font="" value="********20,000.00" labelName="Label_51"/>
                <WITHDRAWAL lefttop_x="611" lefttop_y="888" height="34" width="370" font="" value="********10,000.00" labelName="Label_52"/>
                <WITHDRAWAL lefttop_x="603" lefttop_y="926" height="40" width="360" font="" value="*********3,000.00" labelName="Label_53"/>
                <WITHDRAWAL lefttop_x="607" lefttop_y="969" height="38" width="353" font="" value="********10,000.00" labelName="Label_54"/>
                <WITHDRAWAL lefttop_x="622" lefttop_y="1094" height="49" width="172" font="" value="AT" labelName="Label_55"/>
                <DEPOSIT lefttop_x="953" lefttop_y="642" height="45" width="364" font="" value="********60,895.00" labelName="Label_56"/>
                <DEPOSIT lefttop_x="910" lefttop_y="1069" height="47" width="328" font="" value="********37,510.00" labelName="Label_57"/>
                <BALANCE_0 lefttop_x="1355" lefttop_y="383" height="62" width="262" font="" value="*******130,49" labelName="Label_58"/>
                <BALANCE lefttop_x="1354" lefttop_y="441" height="53" width="262" font="" value="*******110,49" labelName="Label_59"/>
                <DATE lefttop_x="132" lefttop_y="604" height="41" width="154" font="" value="1070305" labelName="Label_6"/>
                <BALANCE lefttop_x="1344" lefttop_y="499" height="47" width="274" font="" value="*******105,492" labelName="Label_60"/>
                <BALANCE lefttop_x="1335" lefttop_y="554" height="41" width="281" font="" value="********85,492" labelName="Label_61"/>
                <BALANCE lefttop_x="1327" lefttop_y="601" height="45" width="289" font="" value="********80,492." labelName="Label_62"/>
                <BALANCE lefttop_x="1319" lefttop_y="654" height="41" width="296" font="" value="*******141,387.0" labelName="Label_63"/>
                <BALANCE lefttop_x="1308" lefttop_y="703" height="40" width="307" font="" value="*******121,387.00" labelName="Label_64"/>
                <BALANCE lefttop_x="1296" lefttop_y="749" height="36" width="311" font="" value="*******101,387.00" labelName="Label_65"/>
                <BALANCE lefttop_x="1290" lefttop_y="794" height="36" width="309" font="" value="********81,387.00" labelName="Label_66"/>
                <BALANCE lefttop_x="1273" lefttop_y="840" height="32" width="310" font="" value="********61,387.00" labelName="Label_67"/>
                <BALANCE lefttop_x="1264" lefttop_y="879" height="36" width="298" font="" value="********51,387.00" labelName="Label_68"/>
                <BALANCE lefttop_x="1250" lefttop_y="917" height="34" width="298" font="" value="********48,387.00" labelName="Label_69"/>
                <DATE lefttop_x="131" lefttop_y="662" height="44" width="157" font="" value="1070308" labelName="Label_7"/>
                <BALANCE lefttop_x="1238" lefttop_y="951" height="33" width="290" font="" value="********38,387.00" labelName="Label_70"/>
                <BALANCE lefttop_x="1240" lefttop_y="1049" height="41" width="289" font="" value="********75,897.00" labelName="Label_71"/>
                <BALANCE lefttop_x="1251" lefttop_y="1093" height="44" width="292" font="" value="********70,897.00" labelName="Label_72"/>
                <EMPLOYEE lefttop_x="1070" lefttop_y="765" height="48" width="152" font="" value="YB0002785-I-008" labelName="Label_73"/>
                <CHAR lefttop_x="165" lefttop_y="337" height="28" width="12" font="" value="" labelName="Label_74"/>
                <CHAR lefttop_x="829" lefttop_y="467" height="34" width="21" font="" value="" labelName="Label_75"/>
                <CHAR lefttop_x="978" lefttop_y="420" height="29" width="18" font="" value="" labelName="Label_76"/>
                <CHAR lefttop_x="522" lefttop_y="623" height="40" width="40" font="" value="" labelName="Label_77"/>
                <CHAR lefttop_x="571" lefttop_y="623" height="39" width="37" font="" value="" labelName="Label_79"/>
                <DATE lefttop_x="125" lefttop_y="716" height="46" width="158" font="" value="1070308" labelName="Label_8"/>
                <CHAR lefttop_x="477" lefttop_y="622" height="38" width="39" font="" value="" labelName="Label_80"/>
                <DATE lefttop_x="123" lefttop_y="775" height="40" width="162" font="" value="1070308" labelName="Label_9"/>
            </Page>
        </Frame>
        <Frame name="frame_02.jpg" height="1684" width="1190" lefttop_y="0" lefttop_x="0" rotation="R0" source="frame_02.jpg">
            <Page name="Default" rotation="R0" ctr="(0, 0)(1190, 0)(1190, 1684)(0, 1684)" bbox="0 0 1190 1684"/>
        </Frame>
        <Frame name="frame_02_R270.jpg" height="1190" width="1684" lefttop_y="0" lefttop_x="0" rotation="R0" source="frame_02_R270.jpg">
            <Page name="Default" rotation="R0" ctr="(0, 0)(1684, 0)(1684, 1190)(0, 1190)" bbox="0 0 1684 1190"/>
        </Frame>
        <Frame name="frame_03.jpg" height="1684" width="1190" lefttop_y="0" lefttop_x="0" rotation="R0" source="frame_03.jpg">
            <Page name="Default" rotation="R0" ctr="(0, 0)(1190, 0)(1190, 1684)(0, 1684)" bbox="0 0 1190 1684"/>
        </Frame>
        <Frame name="frame_03_R270.jpg" height="1190" width="1684" lefttop_y="0" lefttop_x="0" rotation="R0" source="frame_03_R270.jpg">
            <Page name="Default" rotation="R0" ctr="(0, 0)(1684, 0)(1684, 1190)(0, 1190)" bbox="0 0 1684 1190"/>
            <Page name="b0080101" rotation="R0" ctr="(194, 255)(181, 275)(145, 291)(73, 311)(49, 310)(41, 496)(42, 975)(53, 1065)(40, 1145)(31, 1165)(1534, 1175)(1522, 1141)(1454, 1006)(1550, 754)(1597, 541)(1613, 361)(1580, 333)(871, 269)" bbox="31 255 1582 920">
                <ACCOUNT_ID lefttop_x="460" lefttop_y="362" height="49" width="263" font="" value="xxxxxxxxxxxx" labelName="Label_0"/>
                <DATE lefttop_x="132" lefttop_y="343" height="45" width="151" font="" value="1070426" labelName="Label_1"/>
                <DATE lefttop_x="101" lefttop_y="838" height="41" width="166" font="" value="1070605" labelName="Label_10"/>
                <DATE lefttop_x="101" lefttop_y="887" height="44" width="162" font="" value="1070609" labelName="Label_11"/>
                <DATE lefttop_x="103" lefttop_y="941" height="40" width="164" font="" value="1070618" labelName="Label_12"/>
                <DATE lefttop_x="110" lefttop_y="988" height="40" width="159" font="" value="1070621" labelName="Label_13"/>
                <DATE lefttop_x="111" lefttop_y="1125" height="35" width="158" font="" value="1070623" labelName="Label_14"/>
                <ATM_ID lefttop_x="325" lefttop_y="356" height="39" width="130" font="" value="310018" labelName="Label_15"/>
                <ATM_ID lefttop_x="322" lefttop_y="409" height="43" width="133" font="" value="310424," labelName="Label_16"/>
                <ATM_ID lefttop_x="320" lefttop_y="459" height="45" width="133" font="" value="310018" labelName="Label_17"/>
                <ATM_ID lefttop_x="291" lefttop_y="513" height="42" width="135" font="" value="P22988" labelName="Label_18"/>
                <ATM_ID lefttop_x="290" lefttop_y="565" height="47" width="137" font="" value="10028" labelName="Label_19"/>
                <DATE lefttop_x="125" lefttop_y="398" height="44" width="155" font="" value="1070504" labelName="Label_2"/>
                <ATM_ID lefttop_x="312" lefttop_y="622" height="45" width="139" font="" value="822988" labelName="Label_20"/>
                <ATM_ID lefttop_x="310" lefttop_y="678" height="39" width="138" font="" value="822488" labelName="Label_21"/>
                <ATM_ID lefttop_x="308" lefttop_y="730" height="41" width="137" font="" value="310018" labelName="Label_22"/>
                <ATM_ID lefttop_x="304" lefttop_y="787" height="43" width="141" font="" value="310424" labelName="Label_23"/>
                <ATM_ID lefttop_x="305" lefttop_y="842" height="38" width="142" font="" value="822988" labelName="Label_24"/>
                <ATM_ID lefttop_x="304" lefttop_y="893" height="37" width="138" font="" value="323058" labelName="Label_25"/>
                <ATM_ID lefttop_x="305" lefttop_y="943" height="33" width="139" font="" value="822988" labelName="Label_26"/>
                <ATM_ID lefttop_x="312" lefttop_y="985" height="34" width="134" font="" value="065134" labelName="Label_27"/>
                <MEMO lefttop_x="459" lefttop_y="414" height="46" width="127" font="" value="轉帳存" labelName="Label_28"/>
                <MEMO lefttop_x="455" lefttop_y="469" height="45" width="112" font="" value="ATM領" labelName="Label_29"/>
                <DATE lefttop_x="119" lefttop_y="453" height="44" width="161" font="" value="1070505" labelName="Label_3"/>
                <MEMO lefttop_x="429" lefttop_y="521" height="43" width="113" font="" value="ATM領" labelName="Label_30"/>
                <MEMO lefttop_x="428" lefttop_y="572" height="43" width="111" font="" value="ATM領" labelName="Label_31"/>
                <MEMO lefttop_x="452" lefttop_y="629" height="42" width="107" font="" value="ATM領" labelName="Label_32"/>
                <MEMO lefttop_x="450" lefttop_y="682" height="41" width="113" font="" value="ATM領" labelName="Label_33"/>
                <MEMO lefttop_x="448" lefttop_y="734" height="42" width="111" font="" value="ATM領" labelName="Label_34"/>
                <MEMO lefttop_x="448" lefttop_y="789" height="44" width="130" font="" value="轉帳存" labelName="Label_35"/>
                <MEMO lefttop_x="449" lefttop_y="844" height="40" width="110" font="" value="ATM領" labelName="Label_36"/>
                <MEMO lefttop_x="444" lefttop_y="891" height="41" width="109" font="" value="ATM領" labelName="Label_37"/>
                <MEMO lefttop_x="447" lefttop_y="937" height="37" width="103" font="" value="ATM領" labelName="Label_38"/>
                <MEMO lefttop_x="448" lefttop_y="979" height="38" width="127" font="" value="存款息" labelName="Label_39"/>
                <DATE lefttop_x="94" lefttop_y="505" height="45" width="159" font="" value="1070506" labelName="Label_4"/>
                <ATM_ID lefttop_x="306" lefttop_y="1112" height="44" width="133" font="" value="13984" labelName="Label_40"/>
                <MEMO lefttop_x="442" lefttop_y="1101" height="53" width="109" font="" value="ATM領" labelName="Label_41"/>
                <WITHDRAWAL lefttop_x="742" lefttop_y="376" height="40" width="46" font="" value="01" labelName="Label_42"/>
                <WITHDRAWAL lefttop_x="611" lefttop_y="422" height="52" width="172" font="" value="A EF %" labelName="Label_43"/>
                <WITHDRAWAL lefttop_x="589" lefttop_y="481" height="52" width="366" font="" value="********10,000.00" labelName="Label_44"/>
                <WITHDRAWAL lefttop_x="564" lefttop_y="530" height="51" width="366" font="" value="********10,000.00" labelName="Label_45"/>
                <WITHDRAWAL lefttop_x="564" lefttop_y="587" height="48" width="364" font="" value="*********6,000.00" labelName="Label_46"/>
                <WITHDRAWAL lefttop_x="585" lefttop_y="639" height="47" width="365" font="" value="*********5,000.00" labelName="Label_47"/>
                <WITHDRAWAL lefttop_x="583" lefttop_y="691" height="46" width="357" font="" value="*********5,000.00" labelName="Label_48"/>
                <WITHDRAWAL lefttop_x="579" lefttop_y="741" height="44" width="358" font="" value="*********5,000.00" labelName="Label_49"/>
                <DATE lefttop_x="90" lefttop_y="557" height="45" width="156" font="" value="1070506" labelName="Label_5"/>
                <WITHDRAWAL lefttop_x="593" lefttop_y="792" height="46" width="175" font="" value="KEH" labelName="Label_50"/>
                <WITHDRAWAL lefttop_x="577" lefttop_y="841" height="42" width="354" font="" value="*********5,000.00" labelName="Label_51"/>
                <WITHDRAWAL lefttop_x="576" lefttop_y="888" height="38" width="347" font="" value="********30,000.00" labelName="Label_52"/>
                <WITHDRAWAL lefttop_x="573" lefttop_y="933" height="37" width="343" font="" value="*********6,000.00" labelName="Label_53"/>
                <WITHDRAWAL lefttop_x="596" lefttop_y="973" height="39" width="205" font="" value="0" labelName="Label_54"/>
                <WITHDRAWAL lefttop_x="572" lefttop_y="1081" height="55" width="337" font="" value="*********6,000.00" labelName="Label_55"/>
                <DEPOSIT lefttop_x="905" lefttop_y="440" height="54" width="349" font="" value="********47,206.00" labelName="Label_56"/>
                <DEPOSIT lefttop_x="888" lefttop_y="794" height="44" width="326" font="" value="********45,654.00" labelName="Label_57"/>
                <DEPOSIT lefttop_x="872" lefttop_y="960" height="41" width="304" font="" value="************87.00" labelName="Label_58"/>
                <DEPOSIT lefttop_x="875" lefttop_y="1113" height="48" width="318" font="" value="********18,050.00" labelName="Label_59"/>
                <DATE lefttop_x="106" lefttop_y="614" height="45" width="162" font="" value="1070520" labelName="Label_6"/>
                <BALANCE_0 lefttop_x="1258" lefttop_y="414" height="52" width="311" font="" value="***********897.00" labelName="Label_60"/>
                <BALANCE lefttop_x="1259" lefttop_y="466" height="49" width="305" font="" value="********48,103.00" labelName="Label_61"/>
                <BALANCE lefttop_x="1251" lefttop_y="518" height="45" width="305" font="" value="********38,103.00" labelName="Label_62"/>
                <BALANCE lefttop_x="1223" lefttop_y="567" height="44" width="312" font="" value="********28,103.00" labelName="Label_63"/>
                <BALANCE lefttop_x="1223" lefttop_y="617" height="40" width="306" font="" value="********22,103.00" labelName="Label_64"/>
                <BALANCE lefttop_x="1236" lefttop_y="662" height="43" width="301" font="" value="********17,103.00" labelName="Label_65"/>
                <BALANCE lefttop_x="1228" lefttop_y="708" height="41" width="296" font="" value="********12,103.00" labelName="Label_66"/>
                <BALANCE lefttop_x="1220" lefttop_y="758" height="32" width="299" font="" value="*********7,103.00" labelName="Label_67"/>
                <BALANCE lefttop_x="1215" lefttop_y="804" height="32" width="288" font="" value="********52,757.00" labelName="Label_68"/>
                <BALANCE lefttop_x="1206" lefttop_y="842" height="37" width="288" font="" value="********47,757.00" labelName="Label_69"/>
                <DATE lefttop_x="103" lefttop_y="665" height="44" width="163" font="" value="1070524" labelName="Label_7"/>
                <BALANCE lefttop_x="1191" lefttop_y="884" height="34" width="282" font="" value="********17,757.00" labelName="Label_70"/>
                <BALANCE lefttop_x="1183" lefttop_y="918" height="35" width="280" font="" value="********11,757.00" labelName="Label_71"/>
                <BALANCE lefttop_x="1177" lefttop_y="953" height="33" width="275" font="" value="********11,844.00" labelName="Label_72"/>
                <BALANCE lefttop_x="1176" lefttop_y="1048" height="38" width="275" font="" value="*********5,844.00" labelName="Label_73"/>
                <BALANCE lefttop_x="1194" lefttop_y="1085" height="42" width="274" font="" value="********23,894.00" labelName="Label_74"/>
                <EMPLOYEE lefttop_x="1023" lefttop_y="614" height="50" width="135" font="" value="YB0002785-I-008" labelName="Label_75"/>
                <DATE lefttop_x="103" lefttop_y="722" height="43" width="160" font="" value="1070531" labelName="Label_8"/>
                <DATE lefttop_x="100" lefttop_y="783" height="44" width="162" font="" value="1070605" labelName="Label_9"/>
            </Page>
        </Frame>
        <Frame name="frame_04.jpg" height="1684" width="1190" lefttop_y="0" lefttop_x="0" rotation="R0" source="frame_04.jpg">
            <Page name="Default" rotation="R0" ctr="(0, 0)(1190, 0)(1190, 1684)(0, 1684)" bbox="0 0 1190 1684"/>
        </Frame>
        <Frame name="frame_04_R270.jpg" height="1190" width="1684" lefttop_y="0" lefttop_x="0" rotation="R0" source="frame_04_R270.jpg">
            <Page name="Default" rotation="R0" ctr="(0, 0)(1684, 0)(1684, 1190)(0, 1190)" bbox="0 0 1684 1190"/>
            <Page name="b0080101" rotation="R0" ctr="(39, 247)(40, 321)(53, 387)(41, 432)(40, 1150)(1614, 1147)(1612, 960)(1616, 911)(1564, 630)(1516, 504)(1471, 439)(1522, 256)" bbox="39 247 1577 903">
                <DATE lefttop_x="102" lefttop_y="253" height="40" width="147" font="" value="1061216" labelName="Label_0"/>
                <DATE lefttop_x="107" lefttop_y="302" height="44" width="150" font="" value="1061221" labelName="Label_1"/>
                <DATE lefttop_x="71" lefttop_y="841" height="38" width="159" font="" value="1070204" labelName="Label_10"/>
                <DATE lefttop_x="68" lefttop_y="895" height="41" width="156" font="" value="1070205" labelName="Label_11"/>
                <DATE lefttop_x="70" lefttop_y="953" height="41" width="157" font="" value="1070211" labelName="Label_12"/>
                <DATE lefttop_x="68" lefttop_y="1008" height="42" width="156" font="" value="1070211" labelName="Label_13"/>
                <ATM_ID lefttop_x="290" lefttop_y="259" height="41" width="133" font="" value="313018" labelName="Label_14"/>
                <ATM_ID lefttop_x="296" lefttop_y="309" height="42" width="128" font="" value="065134" labelName="Label_15"/>
                <ATM_ID lefttop_x="287" lefttop_y="442" height="35" width="133" font="" value="013988" labelName="Label_16"/>
                <ATM_ID lefttop_x="289" lefttop_y="484" height="34" width="130" font="" value="013988" labelName="Label_17"/>
                <ATM_ID lefttop_x="280" lefttop_y="530" height="37" width="141" font="" value="310414" labelName="Label_18"/>
                <ATM_ID lefttop_x="275" lefttop_y="578" height="35" width="139" font="" value="01398&amp;" labelName="Label_19"/>
                <DATE lefttop_x="102" lefttop_y="442" height="34" width="150" font="" value="1061224" labelName="Label_2"/>
                <ATM_ID lefttop_x="275" lefttop_y="628" height="37" width="136" font="" value="822988" labelName="Label_20"/>
                <ATM_ID lefttop_x="271" lefttop_y="677" height="42" width="140" font="" value="313028" labelName="Label_21"/>
                <ATM_ID lefttop_x="271" lefttop_y="730" height="43" width="137" font="" value="313028" labelName="Label_22"/>
                <ATM_ID lefttop_x="269" lefttop_y="781" height="43" width="136" font="" value="310424" labelName="Label_23"/>
                <ATM_ID lefttop_x="269" lefttop_y="835" height="41" width="137" font="" value="822984" labelName="Label_24"/>
                <ATM_ID lefttop_x="265" lefttop_y="891" height="45" width="142" font="" value="310414" labelName="Label_25"/>
                <ATM_ID lefttop_x="270" lefttop_y="946" height="42" width="137" font="" value="822984" labelName="Label_26"/>
                <ATM_ID lefttop_x="272" lefttop_y="1005" height="43" width="131" font="" value="$2298¢" labelName="Label_27"/>
                <MEMO lefttop_x="425" lefttop_y="263" height="48" width="103" font="" value="ATM領" labelName="Label_28"/>
                <MEMO lefttop_x="429" lefttop_y="315" height="47" width="120" font="" value="存款息" labelName="Label_29"/>
                <DATE lefttop_x="96" lefttop_y="487" height="35" width="150" font="" value="1061231" labelName="Label_3"/>
                <MEMO lefttop_x="422" lefttop_y="445" height="35" width="107" font="" value="ATM領" labelName="Label_30"/>
                <MEMO lefttop_x="422" lefttop_y="487" height="36" width="107" font="" value="ATM領" labelName="Label_31"/>
                <MEMO lefttop_x="433" lefttop_y="531" height="39" width="132" font="" value="轉帳存" labelName="Label_32"/>
                <MEMO lefttop_x="417" lefttop_y="575" height="43" width="128" font="" value="ATM領" labelName="Label_33"/>
                <MEMO lefttop_x="415" lefttop_y="625" height="41" width="133" font="" value="ATM領" labelName="Label_34"/>
                <MEMO lefttop_x="412" lefttop_y="677" height="43" width="133" font="" value="ATM領" labelName="Label_35"/>
                <MEMO lefttop_x="409" lefttop_y="729" height="42" width="133" font="" value="ATM領" labelName="Label_36"/>
                <MEMO lefttop_x="409" lefttop_y="778" height="44" width="130" font="" value="轉帳存" labelName="Label_37"/>
                <MEMO lefttop_x="410" lefttop_y="832" height="42" width="116" font="" value="ATM領" labelName="Label_38"/>
                <MEMO lefttop_x="409" lefttop_y="883" height="47" width="128" font="" value="轉帳存" labelName="Label_39"/>
                <DATE lefttop_x="87" lefttop_y="533" height="35" width="157" font="" value="1070105" labelName="Label_4"/>
                <MEMO lefttop_x="411" lefttop_y="941" height="45" width="112" font="" value="ATM領" labelName="Label_40"/>
                <MEMO lefttop_x="405" lefttop_y="997" height="45" width="115" font="" value="ATM領" labelName="Label_41"/>
                <WITHDRAWAL lefttop_x="548" lefttop_y="271" height="54" width="344" font="" value="*********5,000.00" labelName="Label_42"/>
                <WITHDRAWAL lefttop_x="573" lefttop_y="325" height="43" width="207" font="" value="Fravesaniyy" labelName="Label_43"/>
                <WITHDRAWAL lefttop_x="547" lefttop_y="448" height="43" width="339" font="" value="********10,000.00" labelName="Label_44"/>
                <WITHDRAWAL lefttop_x="551" lefttop_y="493" height="34" width="348" font="" value="*********5,000.00" labelName="Label_45"/>
                <WITHDRAWAL lefttop_x="632" lefttop_y="531" height="40" width="167" font="" value="AETE" labelName="Label_46"/>
                <WITHDRAWAL lefttop_x="587" lefttop_y="577" height="38" width="354" font="" value="*********3,000.00" labelName="Label_47"/>
                <WITHDRAWAL lefttop_x="588" lefttop_y="620" height="45" width="353" font="" value="*********5,000.00" labelName="Label_48"/>
                <WITHDRAWAL lefttop_x="589" lefttop_y="674" height="40" width="362" font="" value="*********5,000.00" labelName="Label_49"/>
                <DATE lefttop_x="79" lefttop_y="580" height="38" width="158" font="" value="1070109" labelName="Label_5"/>
                <WITHDRAWAL lefttop_x="586" lefttop_y="723" height="40" width="364" font="" value="*********1,000.00" labelName="Label_50"/>
                <WITHDRAWAL lefttop_x="563" lefttop_y="769" height="48" width="185" font="" value="KREWE" labelName="Label_51"/>
                <WITHDRAWAL lefttop_x="544" lefttop_y="817" height="44" width="376" font="" value="*********5,000.00" labelName="Label_52"/>
                <WITHDRAWAL lefttop_x="565" lefttop_y="875" height="50" width="183" font="" value="KT" labelName="Label_53"/>
                <WITHDRAWAL lefttop_x="545" lefttop_y="927" height="46" width="380" font="" value="*********5,000.00" labelName="Label_54"/>
                <WITHDRAWAL lefttop_x="542" lefttop_y="980" height="54" width="382" font="" value="********20,000.00" labelName="Label_55"/>
                <DEPOSIT lefttop_x="847" lefttop_y="345" height="45" width="318" font="" value="************73.00" labelName="Label_56"/>
                <DEPOSIT lefttop_x="895" lefttop_y="535" height="38" width="328" font="" value="********48,646.00" labelName="Label_57"/>
                <DEPOSIT lefttop_x="865" lefttop_y="767" height="40" width="357" font="" value="********42,843.00" labelName="Label_58"/>
                <DEPOSIT lefttop_x="871" lefttop_y="865" height="40" width="358" font="" value="********42,147.00" labelName="Label_59"/>
                <DATE lefttop_x="75" lefttop_y="632" height="39" width="159" font="" value="1070114" labelName="Label_6"/>
                <BALANCE lefttop_x="1178" lefttop_y="263" height="47" width="300" font="" value="********60,783.00" labelName="Label_60"/>
                <BALANCE lefttop_x="1173" lefttop_y="313" height="47" width="293" font="" value="********55,783.00" labelName="Label_61"/>
                <BALANCE lefttop_x="1168" lefttop_y="360" height="45" width="286" font="" value="********55,856.00" labelName="Label_62"/>
                <BALANCE lefttop_x="1164" lefttop_y="463" height="38" width="297" font="" value="********45,856.00" labelName="Label_63"/>
                <BALANCE lefttop_x="1177" lefttop_y="504" height="29" width="299" font="" value="********40,856.00" labelName="Label_64"/>
                <BALANCE lefttop_x="1224" lefttop_y="540" height="32" width="297" font="" value="********89,502.00" labelName="Label_65"/>
                <BALANCE lefttop_x="1225" lefttop_y="581" height="33" width="313" font="" value="********86,502.00" labelName="Label_66"/>
                <BALANCE lefttop_x="1235" lefttop_y="622" height="37" width="312" font="" value="********81,502.00" labelName="Label_67"/>
                <BALANCE lefttop_x="1244" lefttop_y="668" height="35" width="318" font="" value="********76,502.00" labelName="Label_68"/>
                <BALANCE lefttop_x="1247" lefttop_y="713" height="36" width="322" font="" value="********75,502.00" labelName="Label_69"/>
                <DATE lefttop_x="72" lefttop_y="682" height="38" width="156" font="" value="1070120" labelName="Label_7"/>
                <BALANCE lefttop_x="1221" lefttop_y="757" height="39" width="324" font="" value="*******118,345.00" labelName="Label_70"/>
                <BALANCE lefttop_x="1228" lefttop_y="802" height="42" width="325" font="" value="*******113,345.00" labelName="Label_71"/>
                <BALANCE lefttop_x="1232" lefttop_y="854" height="43" width="327" font="" value="*******155,492.00" labelName="Label_72"/>
                <BALANCE lefttop_x="1236" lefttop_y="903" height="45" width="332" font="" value="*******150,492.00" labelName="Label_73"/>
                <BALANCE lefttop_x="1240" lefttop_y="953" height="49" width="335" font="" value="*******130,492.00" labelName="Label_74"/>
                <EMPLOYEE lefttop_x="981" lefttop_y="664" height="71" width="197" font="" value="YB0002785-I-008" labelName="Label_75"/>
                <DATE lefttop_x="69" lefttop_y="736" height="41" width="157" font="" value="1070120" labelName="Label_8"/>
                <DATE lefttop_x="71" lefttop_y="787" height="40" width="156" font="" value="1070130" labelName="Label_9"/>
            </Page>
        </Frame>
    </Tif>
    <Tif name="9583984E-55E9-CD94-8B24-64C4C7100000" MD5="">
        <Frame name="frame_00.jpg" height="1684" width="1190" lefttop_y="0" lefttop_x="0" rotation="R0" source="frame_00.jpg">
            <Page name="Default" rotation="R0" ctr="(0, 0)(1190, 0)(1190, 1684)(0, 1684)" bbox="0 0 1190 1684"/>
        </Frame>
        <Frame name="frame_00_R270.jpg" height="1190" width="1684" lefttop_y="0" lefttop_x="0" rotation="R0" source="frame_00_R270.jpg">
            <Page name="Default" rotation="R0" ctr="(0, 0)(1684, 0)(1684, 1190)(0, 1190)" bbox="0 0 1684 1190"/>
            <Page name="b0080101" rotation="R0" ctr="(96, 259)(57, 554)(65, 573)(65, 597)(57, 618)(43, 644)(41, 648)(36, 1028)(37, 1034)(41, 1031)(62, 1035)(83, 1035)(111, 1044)(133, 1066)(144, 1093)(151, 1122)(142, 1163)(1617, 1164)(1612, 1091)(1580, 1042)(1620, 937)(1634, 910)(1634, 293)(1240, 257)" bbox="36 257 1598 907">
                <ACCOUNT_ID lefttop_x="469" lefttop_y="334" height="40" width="261" font="" value="xxxxxxxxxxxx" labelName="Label_0"/>
                <DATE lefttop_x="155" lefttop_y="333" height="33" width="143" font="" value="1070426" labelName="Label_1"/>
                <DATE lefttop_x="87" lefttop_y="811" height="41" width="164" font="" value="1070605" labelName="Label_10"/>
                <DATE lefttop_x="79" lefttop_y="868" height="44" width="164" font="" value="1070609" labelName="Label_11"/>
                <DATE lefttop_x="71" lefttop_y="926" height="44" width="170" font="" value="1070618" labelName="Label_12"/>
                <DATE lefttop_x="71" lefttop_y="985" height="44" width="165" font="" value="1070621" labelName="Label_13"/>
                <ATM_ID lefttop_x="340" lefttop_y="331" height="34" width="126" font="" value="310018" labelName="Label_14"/>
                <ATM_ID lefttop_x="335" lefttop_y="381" height="34" width="130" font="" value="310424" labelName="Label_15"/>
                <ATM_ID lefttop_x="330" lefttop_y="432" height="35" width="133" font="" value="310018" labelName="Label_16"/>
                <ATM_ID lefttop_x="299" lefttop_y="483" height="37" width="136" font="" value="822988" labelName="Label_17"/>
                <ATM_ID lefttop_x="295" lefttop_y="535" height="35" width="138" font="" value="510628" labelName="Label_18"/>
                <ATM_ID lefttop_x="314" lefttop_y="588" height="37" width="138" font="" value="" labelName="Label_19"/>
                <DATE lefttop_x="146" lefttop_y="382" height="33" width="147" font="" value="1070504" labelName="Label_2"/>
                <ATM_ID lefttop_x="308" lefttop_y="641" height="40" width="141" font="" value="822388" labelName="Label_20"/>
                <ATM_ID lefttop_x="304" lefttop_y="695" height="43" width="140" font="" value="310018" labelName="Label_21"/>
                <ATM_ID lefttop_x="292" lefttop_y="757" height="42" width="147" font="" value="31042#" labelName="Label_22"/>
                <ATM_ID lefttop_x="296" lefttop_y="813" height="43" width="146" font="" value="822988" labelName="Label_23"/>
                <ATM_ID lefttop_x="286" lefttop_y="873" height="40" width="146" font="" value="323058" labelName="Label_24"/>
                <ATM_ID lefttop_x="285" lefttop_y="934" height="35" width="148" font="" value="B82798&amp;" labelName="Label_25"/>
                <ATM_ID lefttop_x="286" lefttop_y="989" height="37" width="149" font="" value="06513#" labelName="Label_26"/>
                <WITHDRAWAL lefttop_x="751" lefttop_y="340" height="36" width="47" font="" value="01" labelName="Label_27"/>
                <MEMO lefttop_x="469" lefttop_y="380" height="45" width="130" font="" value="轉帳存" labelName="Label_28"/>
                <MEMO lefttop_x="466" lefttop_y="433" height="42" width="107" font="" value="ATM領" labelName="Label_29"/>
                <DATE lefttop_x="142" lefttop_y="433" height="37" width="151" font="" value="1070505" labelName="Label_3"/>
                <MEMO lefttop_x="438" lefttop_y="484" height="42" width="115" font="" value="ATM領" labelName="Label_30"/>
                <MEMO lefttop_x="436" lefttop_y="536" height="42" width="109" font="" value="ATM領" labelName="Label_31"/>
                <MEMO lefttop_x="455" lefttop_y="592" height="42" width="112" font="" value="ATM領" labelName="Label_32"/>
                <MEMO lefttop_x="452" lefttop_y="644" height="43" width="115" font="" value="ATM領" labelName="Label_33"/>
                <MEMO lefttop_x="448" lefttop_y="701" height="43" width="114" font="" value="ATM領" labelName="Label_34"/>
                <MEMO lefttop_x="442" lefttop_y="758" height="47" width="139" font="" value="轉帳存" labelName="Label_35"/>
                <MEMO lefttop_x="444" lefttop_y="818" height="43" width="120" font="" value="ATM領" labelName="Label_36"/>
                <MEMO lefttop_x="436" lefttop_y="876" height="44" width="118" font="" value="ATM領" labelName="Label_37"/>
                <MEMO lefttop_x="435" lefttop_y="933" height="40" width="115" font="" value="ATM領" labelName="Label_38"/>
                <MEMO lefttop_x="438" lefttop_y="986" height="43" width="135" font="" value="存款息" labelName="Label_39"/>
                <DATE lefttop_x="108" lefttop_y="480" height="36" width="158" font="" value="1070506" labelName="Label_4"/>
                <WITHDRAWAL lefttop_x="623" lefttop_y="385" height="47" width="173" font="" value="RVEF R" labelName="Label_40"/>
                <WITHDRAWAL lefttop_x="600" lefttop_y="442" height="45" width="372" font="" value="********10,000.00" labelName="Label_41"/>
                <WITHDRAWAL lefttop_x="573" lefttop_y="493" height="44" width="373" font="" value="********10,000.00" labelName="Label_42"/>
                <WITHDRAWAL lefttop_x="572" lefttop_y="546" height="45" width="378" font="" value="*********6,000.00" labelName="Label_43"/>
                <WITHDRAWAL lefttop_x="591" lefttop_y="601" height="46" width="379" font="" value="*********5,000.00" labelName="Label_44"/>
                <WITHDRAWAL lefttop_x="590" lefttop_y="655" height="44" width="380" font="" value="*********5,000.00" labelName="Label_45"/>
                <WITHDRAWAL lefttop_x="587" lefttop_y="709" height="43" width="380" font="" value="*********5,000.00" labelName="Label_46"/>
                <WITHDRAWAL lefttop_x="601" lefttop_y="767" height="46" width="189" font="" value="AEF" labelName="Label_47"/>
                <WITHDRAWAL lefttop_x="585" lefttop_y="822" height="45" width="382" font="" value="*********5,000.00" labelName="Label_48"/>
                <WITHDRAWAL lefttop_x="581" lefttop_y="878" height="42" width="379" font="" value="********30,00.00" labelName="Label_49"/>
                <DATE lefttop_x="104" lefttop_y="533" height="35" width="150" font="" value="1070506" labelName="Label_5"/>
                <WITHDRAWAL lefttop_x="577" lefttop_y="933" height="39" width="382" font="" value="*********6,000.00" labelName="Label_50"/>
                <WITHDRAWAL lefttop_x="601" lefttop_y="985" height="40" width="229" font="" value="5 0|" labelName="Label_51"/>
                <DEPOSIT lefttop_x="930" lefttop_y="400" height="52" width="359" font="" value="********47,206.00" labelName="Label_52"/>
                <DEPOSIT lefttop_x="921" lefttop_y="775" height="45" width="358" font="" value="********45,654.00" labelName="Label_53"/>
                <DEPOSIT lefttop_x="910" lefttop_y="983" height="36" width="349" font="" value="************87.00" labelName="Label_54"/>
                <BALANCE_0 lefttop_x="1287" lefttop_y="370" height="47" width="322" font="" value="***********897.00" labelName="Label_55"/>
                <BALANCE lefttop_x="1290" lefttop_y="422" height="46" width="319" font="" value="********48,103.00" labelName="Label_56"/>
                <BALANCE lefttop_x="1289" lefttop_y="473" height="48" width="321" font="" value="********38,103.00" labelName="Label_57"/>
                <BALANCE lefttop_x="1266" lefttop_y="525" height="47" width="330" font="" value="********28,103.00" labelName="Label_58"/>
                <BALANCE lefttop_x="1267" lefttop_y="576" height="41" width="325" font="" value="********22,103.00" labelName="Label_59"/>
                <DATE lefttop_x="116" lefttop_y="584" height="40" width="154" font="" value="1070520" labelName="Label_6"/>
                <BALANCE lefttop_x="1284" lefttop_y="624" height="47" width="323" font="" value="********17,103.00" labelName="Label_60"/>
                <BALANCE lefttop_x="1285" lefttop_y="678" height="43" width="318" font="" value="********12,103.00" labelName="Label_61"/>
                <BALANCE lefttop_x="1283" lefttop_y="729" height="41" width="320" font="" value="*********7,103.00" labelName="Label_62"/>
                <BALANCE lefttop_x="1281" lefttop_y="784" height="39" width="314" font="" value="********52,757.00" labelName="Label_63"/>
                <BALANCE lefttop_x="1278" lefttop_y="832" height="39" width="316" font="" value="********47,757.00" labelName="Label_64"/>
                <BALANCE lefttop_x="1270" lefttop_y="882" height="39" width="314" font="" value="********17,757.00" labelName="Label_65"/>
                <BALANCE lefttop_x="1263" lefttop_y="929" height="37" width="313" font="" value="********11,757.00" labelName="Label_66"/>
                <BALANCE lefttop_x="1262" lefttop_y="978" height="36" width="307" font="" value="********11,844.00" labelName="Label_67"/>
                <BALANCE lefttop_x="1272" lefttop_y="1095" height="41" width="321" font="" value="*********5,844.00" labelName="Label_68"/>
                <EMPLOYEE lefttop_x="1000" lefttop_y="570" height="66" width="188" font="" value="YB0002785-I-008" labelName="Label_69"/>
                <DATE lefttop_x="108" lefttop_y="640" height="40" width="158" font="" value="1070524" labelName="Label_7"/>
                <DATE lefttop_x="99" lefttop_y="691" height="41" width="157" font="" value="1070531" labelName="Label_8"/>
                <DATE lefttop_x="88" lefttop_y="752" height="43" width="165" font="" value="1070605" labelName="Label_9"/>
            </Page>
        </Frame>
        <Frame name="frame_01.jpg" height="1684" width="1190" lefttop_y="0" lefttop_x="0" rotation="R0" source="frame_01.jpg">
            <Page name="Default" rotation="R0" ctr="(0, 0)(1190, 0)(1190, 1684)(0, 1684)" bbox="0 0 1190 1684"/>
        </Frame>
        <Frame name="frame_01_R270.jpg" height="1190" width="1684" lefttop_y="0" lefttop_x="0" rotation="R0" source="frame_01_R270.jpg">
            <Page name="Default" rotation="R0" ctr="(0, 0)(1684, 0)(1684, 1190)(0, 1190)" bbox="0 0 1684 1190"/>
            <Page name="b0080101" rotation="R0" ctr="(127, 246)(127, 291)(103, 351)(83, 387)(58, 429)(21, 478)(25, 1147)(1608, 1153)(1610, 788)(1589, 625)(1546, 489)(1514, 427)(1604, 251)" bbox="21 246 1589 907">
                <DATE lefttop_x="129" lefttop_y="333" height="41" width="154" font="" value="1070403" labelName="Label_0"/>
                <DATE lefttop_x="123" lefttop_y="380" height="40" width="155" font="" value="1070407" labelName="Label_1"/>
                <DATE lefttop_x="38" lefttop_y="858" height="46" width="176" font="" value="1070426" labelName="Label_10"/>
                <DATE lefttop_x="36" lefttop_y="917" height="45" width="175" font="" value="1070426" labelName="Label_11"/>
                <ATM_ID lefttop_x="326" lefttop_y="345" height="40" width="130" font="" value="310424" labelName="Label_12"/>
                <ATM_ID lefttop_x="318" lefttop_y="392" height="38" width="136" font="" value="8128848" labelName="Label_13"/>
                <ATM_ID lefttop_x="317" lefttop_y="435" height="40" width="134" font="" value="822988" labelName="Label_14"/>
                <ATM_ID lefttop_x="307" lefttop_y="485" height="38" width="141" font="" value="822398H" labelName="Label_15"/>
                <ATM_ID lefttop_x="297" lefttop_y="534" height="40" width="144" font="" value="310168" labelName="Label_16"/>
                <ATM_ID lefttop_x="266" lefttop_y="589" height="41" width="144" font="" value="310018" labelName="Label_17"/>
                <ATM_ID lefttop_x="286" lefttop_y="640" height="38" width="146" font="" value="822988" labelName="Label_18"/>
                <ATM_ID lefttop_x="282" lefttop_y="691" height="43" width="146" font="" value="822388&amp;" labelName="Label_19"/>
                <DATE lefttop_x="111" lefttop_y="427" height="41" width="159" font="" value="1070408" labelName="Label_2"/>
                <ATM_ID lefttop_x="274" lefttop_y="747" height="42" width="151" font="" value="310018" labelName="Label_20"/>
                <ATM_ID lefttop_x="271" lefttop_y="804" height="44" width="147" font="" value="310014" labelName="Label_21"/>
                <ATM_ID lefttop_x="258" lefttop_y="865" height="43" width="155" font="" value="310018" labelName="Label_22"/>
                <ATM_ID lefttop_x="258" lefttop_y="925" height="42" width="152" font="" value="310018" labelName="Label_23"/>
                <MEMO lefttop_x="460" lefttop_y="351" height="46" width="124" font="" value="轉帳存" labelName="Label_24"/>
                <MEMO lefttop_x="456" lefttop_y="400" height="39" width="109" font="" value="ATM領" labelName="Label_25"/>
                <MEMO lefttop_x="453" lefttop_y="446" height="42" width="108" font="" value="ATM轉" labelName="Label_26"/>
                <MEMO lefttop_x="448" lefttop_y="493" height="41" width="109" font="" value="ATM轉" labelName="Label_27"/>
                <MEMO lefttop_x="444" lefttop_y="543" height="38" width="113" font="" value="ATM存" labelName="Label_28"/>
                <MEMO lefttop_x="413" lefttop_y="592" height="43" width="115" font="" value="ATM領" labelName="Label_29"/>
                <DATE lefttop_x="101" lefttop_y="475" height="41" width="166" font="" value="1070409" labelName="Label_3"/>
                <MEMO lefttop_x="435" lefttop_y="644" height="42" width="114" font="" value="ATM領" labelName="Label_30"/>
                <MEMO lefttop_x="430" lefttop_y="695" height="46" width="122" font="" value="ATM領" labelName="Label_31"/>
                <MEMO lefttop_x="427" lefttop_y="754" height="40" width="117" font="" value="ATM轉" labelName="Label_32"/>
                <MEMO lefttop_x="421" lefttop_y="807" height="46" width="120" font="" value="ATM領" labelName="Label_33"/>
                <MEMO lefttop_x="416" lefttop_y="868" height="46" width="120" font="" value="ATM領" labelName="Label_34"/>
                <MEMO lefttop_x="413" lefttop_y="925" height="47" width="122" font="" value="ATM領" labelName="Label_35"/>
                <WITHDRAWAL lefttop_x="595" lefttop_y="252" height="54" width="356" font="" value="********10,000.00" labelName="Label_36"/>
                <WITHDRAWAL lefttop_x="608" lefttop_y="367" height="48" width="163" font="" value="A%" labelName="Label_37"/>
                <WITHDRAWAL lefttop_x="589" lefttop_y="415" height="51" width="351" font="" value="*********5,000.00" labelName="Label_38"/>
                <WITHDRAWAL lefttop_x="606" lefttop_y="457" height="44" width="207" font="" value="1501902809" labelName="Label_39"/>
                <DATE lefttop_x="94" lefttop_y="525" height="40" width="162" font="" value="1070409" labelName="Label_4"/>
                <WITHDRAWAL lefttop_x="606" lefttop_y="503" height="44" width="215" font="" value="3310151678" labelName="Label_40"/>
                <WITHDRAWAL lefttop_x="598" lefttop_y="551" height="41" width="137" font="" value="EBEw" labelName="Label_41"/>
                <WITHDRAWAL lefttop_x="551" lefttop_y="603" height="49" width="373" font="" value="********10,000.00" labelName="Label_42"/>
                <WITHDRAWAL lefttop_x="576" lefttop_y="655" height="47" width="372" font="" value="********20,000.00" labelName="Label_43"/>
                <WITHDRAWAL lefttop_x="573" lefttop_y="708" height="47" width="377" font="" value="********10,000.00" labelName="Label_44"/>
                <WITHDRAWAL lefttop_x="568" lefttop_y="759" height="45" width="382" font="" value="********30,000.00" labelName="Label_45"/>
                <WITHDRAWAL lefttop_x="567" lefttop_y="813" height="50" width="385" font="" value="********30,000.00" labelName="Label_46"/>
                <WITHDRAWAL lefttop_x="563" lefttop_y="871" height="47" width="387" font="" value="********30,000.00" labelName="Label_47"/>
                <WITHDRAWAL lefttop_x="561" lefttop_y="929" height="49" width="393" font="" value="********20,000.00" labelName="Label_48"/>
                <DEPOSIT lefttop_x="892" lefttop_y="395" height="50" width="322" font="" value="********37,510.00" labelName="Label_49"/>
                <DATE lefttop_x="55" lefttop_y="581" height="39" width="168" font="" value="1070412" labelName="Label_5"/>
                <DEPOSIT lefttop_x="898" lefttop_y="481" height="47" width="332" font="" value="********20,000.00" labelName="Label_50"/>
                <DEPOSIT lefttop_x="903" lefttop_y="526" height="47" width="335" font="" value="********30,000.00" labelName="Label_51"/>
                <DEPOSIT lefttop_x="905" lefttop_y="573" height="42" width="337" font="" value="********30,000.00" labelName="Label_52"/>
                <DEPOSIT lefttop_x="965" lefttop_y="770" height="44" width="213" font="" value="4540322450" labelName="Label_53"/>
                <BALANCE lefttop_x="1240" lefttop_y="269" height="63" width="294" font="" value="********48,387.00" labelName="Label_54"/>
                <BALANCE lefttop_x="1226" lefttop_y="315" height="58" width="290" font="" value="********38,387.00" labelName="Label_55"/>
                <BALANCE lefttop_x="1213" lefttop_y="425" height="50" width="291" font="" value="********75,897.00" labelName="Label_56"/>
                <BALANCE lefttop_x="1224" lefttop_y="461" height="46" width="290" font="" value="********70,897.00" labelName="Label_57"/>
                <BALANCE lefttop_x="1231" lefttop_y="499" height="50" width="303" font="" value="********90,897.00" labelName="Label_58"/>
                <BALANCE lefttop_x="1238" lefttop_y="547" height="42" width="300" font="" value="*******120,897.00" labelName="Label_59"/>
                <DATE lefttop_x="71" lefttop_y="631" height="39" width="171" font="" value="1070420" labelName="Label_6"/>
                <BALANCE lefttop_x="1243" lefttop_y="590" height="44" width="305" font="" value="*******150,897.00" labelName="Label_60"/>
                <BALANCE lefttop_x="1224" lefttop_y="639" height="43" width="314" font="" value="*******140,897.00" labelName="Label_61"/>
                <BALANCE lefttop_x="1250" lefttop_y="686" height="43" width="315" font="" value="*******120,897.00" labelName="Label_62"/>
                <BALANCE lefttop_x="1255" lefttop_y="736" height="40" width="316" font="" value="*******110,897.00" labelName="Label_63"/>
                <BALANCE lefttop_x="1258" lefttop_y="782" height="41" width="318" font="" value="********80,897.00" labelName="Label_64"/>
                <BALANCE lefttop_x="1261" lefttop_y="835" height="42" width="322" font="" value="********50,897.00" labelName="Label_65"/>
                <BALANCE lefttop_x="1264" lefttop_y="891" height="39" width="322" font="" value="********20,897.00" labelName="Label_66"/>
                <BALANCE lefttop_x="1268" lefttop_y="936" height="43" width="321" font="" value="***********897.00" labelName="Label_67"/>
                <EMPLOYEE lefttop_x="1050" lefttop_y="848" height="71" width="153" font="" value="YB0002785-I-008" labelName="Label_68"/>
                <DATE lefttop_x="67" lefttop_y="682" height="46" width="171" font="" value="1070420" labelName="Label_7"/>
                <DATE lefttop_x="56" lefttop_y="740" height="43" width="171" font="" value="1070426" labelName="Label_8"/>
                <DATE lefttop_x="51" lefttop_y="796" height="45" width="172" font="" value="1070426" labelName="Label_9"/>
            </Page>
        </Frame>
        <Frame name="frame_02.jpg" height="1684" width="1190" lefttop_y="0" lefttop_x="0" rotation="R0" source="frame_02.jpg">
            <Page name="Default" rotation="R0" ctr="(0, 0)(1190, 0)(1190, 1684)(0, 1684)" bbox="0 0 1190 1684"/>
        </Frame>
        <Frame name="frame_02_R270.jpg" height="1190" width="1684" lefttop_y="0" lefttop_x="0" rotation="R0" source="frame_02_R270.jpg">
            <Page name="Default" rotation="R0" ctr="(0, 0)(1684, 0)(1684, 1190)(0, 1190)" bbox="0 0 1684 1190"/>
            <Page name="b0080101" rotation="R0" ctr="(67, 258)(50, 487)(61, 501)(71, 519)(72, 536)(69, 563)(65, 582)(58, 604)(40, 617)(40, 969)(61, 974)(86, 989)(101, 1015)(103, 1069)(90, 1095)(72, 1120)(40, 1145)(40, 1165)(1626, 1168)(1627, 1081)(1575, 1034)(1589, 959)(1603, 840)(1608, 739)(1605, 603)(1600, 472)(1595, 323)(1568, 287)(1214, 257)" bbox="40 257 1587 911">
                <ACCOUNT_ID lefttop_x="449" lefttop_y="346" height="41" width="265" font="" value="xxxxxxxxxxxx" labelName="Label_0"/>
                <DATE lefttop_x="128" lefttop_y="342" height="37" width="148" font="" value="1070211" labelName="Label_1"/>
                <DATE lefttop_x="88" lefttop_y="819" height="40" width="158" font="" value="1070308" labelName="Label_10"/>
                <DATE lefttop_x="84" lefttop_y="872" height="43" width="164" font="" value="1070314" labelName="Label_11"/>
                <DATE lefttop_x="83" lefttop_y="924" height="41" width="159" font="" value="1070324" labelName="Label_12"/>
                <ATM_ID lefttop_x="321" lefttop_y="345" height="37" width="128" font="" value="822988" labelName="Label_14"/>
                <ATM_ID lefttop_x="322" lefttop_y="393" height="39" width="130" font="" value="822984" labelName="Label_15"/>
                <ATM_ID lefttop_x="316" lefttop_y="444" height="40" width="132" font="" value="822968" labelName="Label_16"/>
                <ATM_ID lefttop_x="316" lefttop_y="497" height="35" width="135" font="" value="822688" labelName="Label_17"/>
                <ATM_ID lefttop_x="309" lefttop_y="551" height="37" width="138" font="" value="822968" labelName="Label_18"/>
                <ATM_ID lefttop_x="304" lefttop_y="602" height="37" width="140" font="" value="310424" labelName="Label_19"/>
                <DATE lefttop_x="126" lefttop_y="393" height="38" width="151" font="" value="1070221" labelName="Label_2"/>
                <ATM_ID lefttop_x="303" lefttop_y="655" height="38" width="140" font="" value="013988" labelName="Label_20"/>
                <ATM_ID lefttop_x="296" lefttop_y="709" height="38" width="143" font="" value="013988" labelName="Label_21"/>
                <ATM_ID lefttop_x="297" lefttop_y="766" height="37" width="145" font="" value="0613988" labelName="Label_22"/>
                <ATM_ID lefttop_x="292" lefttop_y="821" height="35" width="143" font="" value="013988" labelName="Label_23"/>
                <ATM_ID lefttop_x="291" lefttop_y="872" height="40" width="145" font="" value="822088" labelName="Label_24"/>
                <ATM_ID lefttop_x="290" lefttop_y="927" height="37" width="141" font="" value="803988" labelName="Label_25"/>
                <ATM_ID lefttop_x="292" lefttop_y="978" height="37" width="141" font="" value="822988" labelName="Label_26"/>
                <DATE lefttop_x="114" lefttop_y="1134" height="23" width="120" font="" value="" labelName="Label_27"/>
                <ATM_ID lefttop_x="281" lefttop_y="1123" height="33" width="141" font="" value="2100424" labelName="Label_28"/>
                <MEMO lefttop_x="425" lefttop_y="1117" height="40" width="137" font="" value="轉帳存" labelName="Label_29"/>
                <DATE lefttop_x="122" lefttop_y="445" height="37" width="151" font="" value="1070225" labelName="Label_3"/>
                <MEMO lefttop_x="436" lefttop_y="975" height="43" width="111" font="" value="ATM領" labelName="Label_30"/>
                <MEMO lefttop_x="432" lefttop_y="925" height="39" width="114" font="" value="ATM領" labelName="Label_31"/>
                <MEMO lefttop_x="438" lefttop_y="873" height="43" width="113" font="" value="ATM領" labelName="Label_32"/>
                <MEMO lefttop_x="437" lefttop_y="820" height="40" width="119" font="" value="ATM領" labelName="Label_33"/>
                <MEMO lefttop_x="444" lefttop_y="763" height="43" width="108" font="" value="ATM領" labelName="Label_34"/>
                <MEMO lefttop_x="441" lefttop_y="712" height="39" width="109" font="" value="ATM領" labelName="Label_35"/>
                <MEMO lefttop_x="446" lefttop_y="657" height="40" width="113" font="" value="ATM領" labelName="Label_36"/>
                <MEMO lefttop_x="445" lefttop_y="600" height="45" width="132" font="" value="轉帳存" labelName="Label_37"/>
                <MEMO lefttop_x="447" lefttop_y="550" height="42" width="112" font="" value="ATM領" labelName="Label_38"/>
                <MEMO lefttop_x="454" lefttop_y="499" height="40" width="105" font="" value="ATM領" labelName="Label_39"/>
                <DATE lefttop_x="116" lefttop_y="497" height="38" width="156" font="" value="1070228" labelName="Label_4"/>
                <MEMO lefttop_x="450" lefttop_y="446" height="43" width="108" font="" value="ATM領" labelName="Label_40"/>
                <MEMO lefttop_x="455" lefttop_y="398" height="40" width="109" font="" value="ATM領" labelName="Label_41"/>
                <WITHDRAWAL lefttop_x="733" lefttop_y="353" height="34" width="43" font="" value="o1" labelName="Label_42"/>
                <WITHDRAWAL lefttop_x="587" lefttop_y="402" height="40" width="364" font="" value="********20,000.00" labelName="Label_43"/>
                <WITHDRAWAL lefttop_x="583" lefttop_y="452" height="40" width="365" font="" value="*********5,000.00" labelName="Label_44"/>
                <WITHDRAWAL lefttop_x="585" lefttop_y="503" height="42" width="366" font="" value="********20,000.00" labelName="Label_45"/>
                <WITHDRAWAL lefttop_x="581" lefttop_y="556" height="40" width="370" font="" value="*********5,000.00" labelName="Label_46"/>
                <WITHDRAWAL lefttop_x="598" lefttop_y="602" height="46" width="179" font="" value="REEHE" labelName="Label_47"/>
                <WITHDRAWAL lefttop_x="581" lefttop_y="660" height="42" width="372" font="" value="********20,000.00" labelName="Label_48"/>
                <WITHDRAWAL lefttop_x="577" lefttop_y="712" height="40" width="370" font="" value="********20,000.00" labelName="Label_49"/>
                <DATE lefttop_x="110" lefttop_y="550" height="37" width="155" font="" value="1070301" labelName="Label_5"/>
                <WITHDRAWAL lefttop_x="579" lefttop_y="767" height="40" width="372" font="" value="********20,000.00" labelName="Label_50"/>
                <WITHDRAWAL lefttop_x="577" lefttop_y="816" height="41" width="370" font="" value="********20,000.00" labelName="Label_51"/>
                <WITHDRAWAL lefttop_x="577" lefttop_y="869" height="40" width="370" font="" value="********10,000.00" labelName="Label_52"/>
                <WITHDRAWAL lefttop_x="571" lefttop_y="920" height="42" width="370" font="" value="*********3,000.00" labelName="Label_53"/>
                <WITHDRAWAL lefttop_x="569" lefttop_y="965" height="42" width="372" font="" value="********10,000.00" labelName="Label_54"/>
                <WITHDRAWAL lefttop_x="586" lefttop_y="1105" height="50" width="198" font="" value="K PERTR" labelName="Label_55"/>
                <DEPOSIT lefttop_x="900" lefttop_y="608" height="46" width="355" font="" value="********60,895.00" labelName="Label_56"/>
                <DEPOSIT lefttop_x="902" lefttop_y="1087" height="50" width="362" font="" value="********37,510.00" labelName="Label_57"/>
                <BALANCE_0 lefttop_x="1245" lefttop_y="372" height="47" width="328" font="" value="*******130,492.00" labelName="Label_58"/>
                <BALANCE lefttop_x="1257" lefttop_y="423" height="42" width="311" font="" value="*******110,492.00" labelName="Label_59"/>
                <DATE lefttop_x="109" lefttop_y="602" height="37" width="154" font="" value="1070305" labelName="Label_6"/>
                <BALANCE lefttop_x="1255" lefttop_y="471" height="42" width="316" font="" value="*******105,492.00" labelName="Label_60"/>
                <BALANCE lefttop_x="1257" lefttop_y="522" height="38" width="314" font="" value="********85,492.00" labelName="Label_61"/>
                <BALANCE lefttop_x="1255" lefttop_y="568" height="43" width="318" font="" value="********80,492.00" labelName="Label_62"/>
                <BALANCE lefttop_x="1257" lefttop_y="621" height="35" width="316" font="" value="*******141,387.00" labelName="Label_63"/>
                <BALANCE lefttop_x="1257" lefttop_y="668" height="38" width="316" font="" value="*******121,387.00" labelName="Label_64"/>
                <BALANCE lefttop_x="1255" lefttop_y="719" height="36" width="322" font="" value="*******101,387.00" labelName="Label_65"/>
                <BALANCE lefttop_x="1256" lefttop_y="766" height="37" width="318" font="" value="********81,387.00" labelName="Label_66"/>
                <BALANCE lefttop_x="1254" lefttop_y="819" height="34" width="316" font="" value="********61,387.00" labelName="Label_67"/>
                <BALANCE lefttop_x="1250" lefttop_y="860" height="44" width="311" font="" value="********51,387.00" labelName="Label_68"/>
                <BALANCE lefttop_x="1246" lefttop_y="912" height="39" width="313" font="" value="********48,387.00" labelName="Label_69"/>
                <DATE lefttop_x="102" lefttop_y="655" height="36" width="160" font="" value="1070308" labelName="Label_7"/>
                <BALANCE lefttop_x="1242" lefttop_y="954" height="42" width="306" font="" value="********38,387.00" labelName="Label_70"/>
                <BALANCE lefttop_x="1264" lefttop_y="1064" height="42" width="318" font="" value="********75,897.00" labelName="Label_71"/>
                <BALANCE lefttop_x="1283" lefttop_y="1109" height="41" width="328" font="" value="********70,697.00" labelName="Label_72"/>
                <EMPLOYEE lefttop_x="1070" lefttop_y="848" height="31" width="102" font="" value="YB0002785-I-008" labelName="Label_73"/>
                <DATE lefttop_x="102" lefttop_y="984" height="30" width="140" font="" value="070327" labelName="Label_74"/>
                <DATE lefttop_x="94" lefttop_y="706" height="40" width="160" font="" value="1070308" labelName="Label_8"/>
                <DATE lefttop_x="94" lefttop_y="764" height="40" width="161" font="" value="1070308" labelName="Label_9"/>
            </Page>
        </Frame>
        <Frame name="frame_03.jpg" height="1684" width="1190" lefttop_y="0" lefttop_x="0" rotation="R0" source="frame_03.jpg">
            <Page name="Default" rotation="R0" ctr="(0, 0)(1190, 0)(1190, 1684)(0, 1684)" bbox="0 0 1190 1684"/>
        </Frame>
        <Frame name="frame_03_R270.jpg" height="1190" width="1684" lefttop_y="0" lefttop_x="0" rotation="R0" source="frame_03_R270.jpg">
            <Page name="Default" rotation="R0" ctr="(0, 0)(1684, 0)(1684, 1190)(0, 1190)" bbox="0 0 1684 1190"/>
        </Frame>
        <Frame name="frame_04.jpg" height="1684" width="1190" lefttop_y="0" lefttop_x="0" rotation="R0" source="frame_04.jpg">
            <Page name="Default" rotation="R0" ctr="(0, 0)(1190, 0)(1190, 1684)(0, 1684)" bbox="0 0 1190 1684"/>
        </Frame>
        <Frame name="frame_04_R270.jpg" height="1190" width="1684" lefttop_y="0" lefttop_x="0" rotation="R0" source="frame_04_R270.jpg">
            <Page name="Default" rotation="R0" ctr="(0, 0)(1684, 0)(1684, 1190)(0, 1190)" bbox="0 0 1684 1190"/>
            <Page name="b0080101" rotation="R0" ctr="(73, 253)(83, 323)(81, 355)(99, 381)(99, 424)(83, 458)(73, 486)(49, 508)(41, 530)(43, 558)(34, 829)(25, 1154)(1634, 1154)(1628, 243)(644, 242)(74, 236)" bbox="25 236 1609 918">
                <DATE lefttop_x="140" lefttop_y="252" height="37" width="159" font="" value="1061221" labelName="Label_0"/>
                <DATE lefttop_x="131" lefttop_y="392" height="34" width="156" font="" value="1061224" labelName="Label_1"/>
                <DATE lefttop_x="59" lefttop_y="868" height="44" width="167" font="" value="1070205" labelName="Label_10"/>
                <DATE lefttop_x="47" lefttop_y="929" height="45" width="176" font="" value="1070211" labelName="Label_11"/>
                <DATE lefttop_x="42" lefttop_y="986" height="49" width="167" font="" value="1070211" labelName="Label_12"/>
                <ATM_ID lefttop_x="335" lefttop_y="252" height="44" width="136" font="" value="UB5134" labelName="Label_13"/>
                <ATM_ID lefttop_x="326" lefttop_y="394" height="39" width="138" font="" value="013988" labelName="Label_14"/>
                <ATM_ID lefttop_x="325" lefttop_y="441" height="36" width="134" font="" value="013388" labelName="Label_15"/>
                <ATM_ID lefttop_x="317" lefttop_y="488" height="40" width="134" font="" value="310414" labelName="Label_16"/>
                <ATM_ID lefttop_x="310" lefttop_y="537" height="41" width="137" font="" value="113388" labelName="Label_17"/>
                <ATM_ID lefttop_x="303" lefttop_y="591" height="39" width="142" font="" value="827298&amp;" labelName="Label_18"/>
                <ATM_ID lefttop_x="295" lefttop_y="646" height="40" width="146" font="" value="313028" labelName="Label_19"/>
                <DATE lefttop_x="130" lefttop_y="440" height="37" width="155" font="" value="1061231" labelName="Label_2"/>
                <ATM_ID lefttop_x="287" lefttop_y="700" height="43" width="146" font="" value="31302&amp;" labelName="Label_20"/>
                <ATM_ID lefttop_x="278" lefttop_y="755" height="39" width="153" font="" value="310424" labelName="Label_21"/>
                <ATM_ID lefttop_x="281" lefttop_y="812" height="42" width="148" font="" value="822988" labelName="Label_22"/>
                <ATM_ID lefttop_x="268" lefttop_y="871" height="42" width="153" font="" value="310414" labelName="Label_23"/>
                <ATM_ID lefttop_x="268" lefttop_y="931" height="44" width="152" font="" value="827964" labelName="Label_24"/>
                <ATM_ID lefttop_x="260" lefttop_y="993" height="45" width="153" font="" value="822988" labelName="Label_25"/>
                <MEMO lefttop_x="472" lefttop_y="257" height="56" width="131" font="" value="存款息" labelName="Label_26"/>
                <MEMO lefttop_x="465" lefttop_y="400" height="40" width="106" font="" value="ATM領" labelName="Label_27"/>
                <MEMO lefttop_x="461" lefttop_y="444" height="39" width="113" font="" value="ATM領" labelName="Label_28"/>
                <MEMO lefttop_x="478" lefttop_y="490" height="45" width="130" font="" value="轉帳存" labelName="Label_29"/>
                <DATE lefttop_x="117" lefttop_y="488" height="36" width="155" font="" value="1070105" labelName="Label_3"/>
                <MEMO lefttop_x="450" lefttop_y="542" height="41" width="139" font="" value="ATM領" labelName="Label_30"/>
                <MEMO lefttop_x="447" lefttop_y="591" height="45" width="132" font="" value="ATM領" labelName="Label_31"/>
                <MEMO lefttop_x="442" lefttop_y="648" height="43" width="138" font="" value="ATM領" labelName="Label_32"/>
                <MEMO lefttop_x="437" lefttop_y="703" height="43" width="138" font="" value="ATM領" labelName="Label_33"/>
                <MEMO lefttop_x="434" lefttop_y="752" height="49" width="139" font="" value="轉帳存" labelName="Label_34"/>
                <MEMO lefttop_x="430" lefttop_y="813" height="44" width="125" font="" value="ATM領" labelName="Label_35"/>
                <MEMO lefttop_x="426" lefttop_y="871" height="48" width="139" font="" value="轉帳存" labelName="Label_36"/>
                <MEMO lefttop_x="421" lefttop_y="933" height="46" width="126" font="" value="ATM領" labelName="Label_37"/>
                <MEMO lefttop_x="415" lefttop_y="994" height="44" width="125" font="" value="ATM領" labelName="Label_38"/>
                <WITHDRAWAL lefttop_x="629" lefttop_y="272" height="56" width="219" font="" value="|" labelName="Label_39"/>
                <DATE lefttop_x="109" lefttop_y="540" height="39" width="155" font="" value="1070109" labelName="Label_4"/>
                <WITHDRAWAL lefttop_x="599" lefttop_y="408" height="48" width="364" font="" value="********10,000.00" labelName="Label_40"/>
                <WITHDRAWAL lefttop_x="602" lefttop_y="456" height="40" width="371" font="" value="*********5,000.00" labelName="Label_41"/>
                <WITHDRAWAL lefttop_x="681" lefttop_y="500" height="49" width="181" font="" value="APEH" labelName="Label_42"/>
                <WITHDRAWAL lefttop_x="633" lefttop_y="550" height="45" width="382" font="" value="*********3,000.00" labelName="Label_43"/>
                <WITHDRAWAL lefttop_x="629" lefttop_y="602" height="43" width="387" font="" value="*********5,000.00" labelName="Label_44"/>
                <WITHDRAWAL lefttop_x="630" lefttop_y="655" height="47" width="390" font="" value="*********5,000.00" labelName="Label_45"/>
                <WITHDRAWAL lefttop_x="625" lefttop_y="711" height="42" width="399" font="" value="*********1,000.00" labelName="Label_46"/>
                <WITHDRAWAL lefttop_x="599" lefttop_y="758" height="48" width="194" font="" value="RIEER B" labelName="Label_47"/>
                <WITHDRAWAL lefttop_x="576" lefttop_y="810" height="51" width="408" font="" value="*********5,000.00" labelName="Label_48"/>
                <WITHDRAWAL lefttop_x="593" lefttop_y="868" height="51" width="194" font="" value="AP" labelName="Label_49"/>
                <DATE lefttop_x="98" lefttop_y="587" height="42" width="159" font="" value="1070114" labelName="Label_5"/>
                <WITHDRAWAL lefttop_x="568" lefttop_y="929" height="53" width="422" font="" value="*********5,000.00" labelName="Label_50"/>
                <WITHDRAWAL lefttop_x="566" lefttop_y="992" height="51" width="417" font="" value="********20,000.00" labelName="Label_51"/>
                <DEPOSIT lefttop_x="927" lefttop_y="301" height="56" width="350" font="" value="************73.00" labelName="Label_52"/>
                <DEPOSIT lefttop_x="964" lefttop_y="512" height="46" width="367" font="" value="********48,646.00" labelName="Label_53"/>
                <DEPOSIT lefttop_x="930" lefttop_y="766" height="42" width="391" font="" value="********42,843.00" labelName="Label_54"/>
                <DEPOSIT lefttop_x="930" lefttop_y="879" height="42" width="401" font="" value="********42,147.00" labelName="Label_55"/>
                <BALANCE lefttop_x="1292" lefttop_y="275" height="61" width="320" font="" value="********55,783.00" labelName="Label_56"/>
                <BALANCE lefttop_x="1279" lefttop_y="328" height="53" width="316" font="" value="********55,856.00" labelName="Label_57"/>
                <BALANCE lefttop_x="1272" lefttop_y="447" height="43" width="325" font="" value="********45,856.00" labelName="Label_58"/>
                <BALANCE lefttop_x="1283" lefttop_y="486" height="42" width="326" font="" value="********40,856.00" labelName="Label_59"/>
                <DATE lefttop_x="91" lefttop_y="643" height="44" width="158" font="" value="1070120" labelName="Label_6"/>
                <BALANCE lefttop_x="1332" lefttop_y="532" height="40" width="280" font="" value="********89,502" labelName="Label_60"/>
                <BALANCE lefttop_x="1337" lefttop_y="577" height="41" width="278" font="" value="********86,502" labelName="Label_61"/>
                <BALANCE lefttop_x="1346" lefttop_y="623" height="40" width="270" font="" value="********81,50" labelName="Label_62"/>
                <BALANCE lefttop_x="1353" lefttop_y="672" height="34" width="264" font="" value="********76,50" labelName="Label_63"/>
                <BALANCE lefttop_x="1358" lefttop_y="724" height="40" width="257" font="" value="********75,5" labelName="Label_64"/>
                <BALANCE lefttop_x="1322" lefttop_y="773" height="40" width="294" font="" value="*******118,345" labelName="Label_65"/>
                <BALANCE lefttop_x="1330" lefttop_y="824" height="41" width="286" font="" value="*******113,34" labelName="Label_66"/>
                <BALANCE lefttop_x="1333" lefttop_y="885" height="42" width="283" font="" value="*******155,49" labelName="Label_67"/>
                <BALANCE lefttop_x="1335" lefttop_y="937" height="42" width="282" font="" value="*******150,49" labelName="Label_68"/>
                <BALANCE lefttop_x="1339" lefttop_y="993" height="46" width="278" font="" value="*******130,4" labelName="Label_69"/>
                <DATE lefttop_x="77" lefttop_y="699" height="44" width="168" font="" value="1070120" labelName="Label_7"/>
                <EMPLOYEE lefttop_x="1095" lefttop_y="975" height="57" width="219" font="" value="YB0002785-I-008" labelName="Label_70"/>
                <DATE lefttop_x="72" lefttop_y="753" height="40" width="166" font="" value="1070130" labelName="Label_8"/>
                <DATE lefttop_x="65" lefttop_y="808" height="43" width="172" font="" value="1070204" labelName="Label_9"/>
            </Page>
        </Frame>
    </Tif>
    <Tif name="configName" MD5=""/>
</Case>
